Column1,artist_name,track_id,track_name
0,Kanaira,7BU5WMDf3OL69FrkRBdTya,ヒトリユラリ
1,Kanaira,1CQ2OTb1x5M3UyCwbGHnXD,EYE
2,Kanaira,7vgV4fH2MbMH9rrcfkCOIz,MIRA
3,Kanaira,7rPKtXBW35rSQH1i6QAvyk,ENVY BABY
4,Kanaira,02vOyaNCKGX8uhjggOIH83,エンヴィーベイビー
5,Kanaira,2TAA9e8dXBST241xlKBKYO,ヒトリユラリ - MARETU REMIX
6,Kanaira,5lojBXokpBOfuTDly9Bksx,KING
7,Kanaira,5FRNHJQp1NkCX9PwCkGqd9,百鬼祭
8,ピノキオピー,5jIVIIZhffcaezvrNIFocX,ラヴィット
9,ピノキオピー,72hdS3iPYFo00AjgzThXU2,Loveit
10,ピノキオピー,4cAqmtzdIXnuh8ytxrZZik,愛されなくても君がいる
11,ピノキオピー,03TzER3qI6rcOjWQb6FMTt,Because You're Here
12,ピノキオピー,6ew2fyKNLCyl6fvigOYqIT,五臓六腑 -Opening- Live from 五臓六腑 Tour 2019 at Tokyo
13,ピノキオピー,0uCgH3145GlNgPXoqRVyDQ,GOZOU-ROPPU -Opening- Live from Gozou-Roppu Tour 2019 at Tokyo
14,ピノキオピー,1XxTDehNakndUguLbuZuZP,Onion+
15,ピノキオピー,76dfZ3SSdsadtIaAWPfcUd,玉葱+
16,ピノキオピー,2Xp1Bp2N5ikzCr8krqro9z,ぼくらはみんな意味不明
17,ピノキオピー,4gHBIsnHqHyXerbTwnsObs,Nobody Makes Sense
18,ピノキオピー,0Q4dHIghx1WMyVFvgtxC9G,増殖する今村
19,ピノキオピー,1qtMZTctqKJ54dBvGws5o4,Floating Shelter
20,ピノキオピー,0bkpFDu8j021nkGENhnjGu,ニッポンの夜明け
21,ピノキオピー,3Gsfo1r1Lg4RpTXdSZI7aA,The Dawn of Japan
22,ピノキオピー,1S34O3CJDZR7ozIWf72dVD,東京マヌカン
23,ピノキオピー,28kBTYGebermEJk8AaoYEA,Tokyo Mannequin
24,ピノキオピー,3MhOjiSOspJg701Nbn7yst,しぼう
25,ピノキオピー,5YI3LorPhLd2C8m9H96n39,SHI-BOU
26,ピノキオピー,5uKDhqanJGRS0MxP95OUIJ,elf
27,ピノキオピー,6Cxzd8UyB28Grofsy17tfF,ありふれたせかいせいふく feat.初音ミク
28,ピノキオピー,1A0k6cjkrCxH3Hx7Awb2G2,Common World Domination
29,ピノキオピー,75CK9cVGOjcYv1EQIrdYWw,ぼくとわたしと少年少女
30,ピノキオピー,1MHZTDZWLzXUSIICvATqiU,あかんぼ
31,ピノキオピー,5ALRT96oaGuX7VHySBLbQu,神っぽいな
32,ピノキオピー,206UWNKXURTnN4zf9vmXUV,God-ish
33,ピノキオピー,5blgKDJ31u2C27jOcya3k9,ノンブレス・オブリージュ
34,ピノキオピー,5LAec0974S9ZJ4WmNbgRyv,Non-breath oblige
35,ピノキオピー,3LwvhfpgLdWazQYafa7Hgx,リアルにぶっとばす
36,ピノキオピー,47npt2SJCMb8oBhQPRJ03S,KICK-ASS *LITERALLY
37,ピノキオピー,5Lsdr0kU6beWlXns5yRzfT,アルティメットセンパイ
38,ピノキオピー,7xJpjQiwjmkUnI4RfJaKKA,Ultimate Senpai
39,ピノキオピー,7qSVfUEcl5kss37l82WFR5,シークレットひみつ
40,ピノキオピー,2MTSMQeKXM7ALhVbqhaAQV,Secret HIMITSU
41,ピノキオピー,5FfeACKKpcA97rdPUMSsiC,恋の恋による恋のための恋
42,ピノキオピー,5xI0vHcSK8LbiAWRTMiPaF,Love of Love by Love for Love
43,ピノキオピー,322a8OKJJEV5z5B5CeeopR,フランケンX - 煮ル果実×はるまきごはん
44,ピノキオピー,0HXF53eMwo6c447AMXHNyv,Franken X - NILFRUITS×HarumakiGohan
45,ピノキオピー,5DleLwnXjO8IewChZCkfKM,Goodbyes
46,ピノキオピー,5kIJ8CygeL9Pvrnnms4uAm,VILLAIN - TYPE A - Inst
47,ピノキオピー,0389acA9tXT1H9NsFGy2H4,Towa no Kizuna
48,ピノキオピー,4H60Q9asWMDDmrGAqKwk1m,その群青が愛しかったようだった
49,ピノキオピー,6bsyhnJVzufAXHdPNd8nEc,Sonogunjyogaitoshikattayoudatta
50,ピノキオピー,4HzYTgDjiox7jqUDbyqyKI,Yuudachi No Ribbon
51,ピノキオピー,349yaDtmQJqtVRxeDuU4nj,Noushou Sakuretsu Girl
52,ピノキオピー,4MIZk82F1SbtbazraqGU3P,Risky Game
53,ピノキオピー,4qkGMo6bzCrva5p57zPVqB,Go! Shichi! Go!
54,ピノキオピー,2UKfp1D6OSw0VqPlrc03Uc,Inori
55,ピノキオピー,1NVeZUA3VG5DA7mCytSMI6,カゲロウデイズ -初音ミク「マジカルミライ 2014」Live-
56,ピノキオピー,2tLW8Mh0fLfLxkxA6X4OBP,Waltz of Knives
58,ピノキオピー,2er4Xsi8iZndpaQfFv5uwT,Sekishinsei: Kamatoto Araryouji
59,ピノキオピー,0iC0K1CyGivvOjd18ROAPz,Tokyo Pleasure Ground -Prologue-
61,ピノキオピー,5Yl7eeSyfRN4lzSSZ9LQKx,Yuurei Yashiki No Kubitsuri Shoujo
62,ピノキオピー,6zRy76eGbHVHoNoN4OI0eF,Shuukan Shounen Bye Bye
63,ピノキオピー,1w4FobAfT4OCt75K2oqPAM,ヴィデオ ボーイ
64,ピノキオピー,1PwbT9iIsAjHlY2eaGi8OM,永久のキズナ - feat. Another Infinity
65,ピノキオピー,5rgUZ20J7agHqfG8f0sIYH,リスキーゲーム (feat. nero)
66,ピノキオピー,2oXhDMrYlA1qAXulJvBZbB,inori
67,DECO*27,7fgqQbv9E5Ho3dn5nwLTIv,ネオネオン
68,DECO*27,7rWkiqvAKhQEmlGDCOSGUK,Reunion
69,DECO*27,25iCOwt6ix0AJfKZbyo5ZG,1+1=1
70,DECO*27,0IEl6PAxLIueFQp08vq07B,ゴーストルール
71,DECO*27,1OAp6qN5KmoGUQ2edICKsC,Ghost Rule
72,DECO*27,3NgUFrDBCFaALlH0wRVWV9,ストリーミングハート
73,DECO*27,28DyuhrsEP2mBlAVSTJPBg,Streaming Heart
74,DECO*27,0ntGI5BvQz33jEwqmd2DjG,Ai Kotoba Hatsune Remastered Version
75,DECO*27,0lH5qyuRNxlMoIyz3Hqhnr,愛言葉 Remastered Version
76,DECO*27,7p3D0PT2z6B1pBSmTAOOP9,エゴママ
77,DECO*27,1XHVdU3JiXsRgXpFAcxY7Y,Egomama
78,DECO*27,6BsSzYOza6t64Xhkp60r9x,entee
79,DECO*27,2UYiIcOWcGhAnJ6iTZmvzN,相愛性理論
80,DECO*27,1hxtrGB3gGu5e8nbZXmsxy,Sou Ai Sei Ri Ron
81,DECO*27,40Eef1JCHRiD2tZF41UO3K,リズム
82,DECO*27,5fRV7LbEAWHhQip59ay9XS,Rhythm
83,DECO*27,6RZ6vRkRLb67cRZwmpASK7,モザイクロール - Reloaded
84,DECO*27,7eIsjFkqGBVoj351Mhw1n5,Mozaik Role - Reloaded
85,DECO*27,6LjModNOXH1xFIJZiwOOW1,シンデレラ
86,DECO*27,2VQTv451NVoiw9wQUNN3vz,Cinderella
87,DECO*27,4w6pRjxADgVVK3Rzteic9X,おじゃま虫Ⅱ
88,DECO*27,3a21EhOZocM4hPmJU0Kf1q,StickybugⅡ
90,DECO*27,1Iq6qHJ935T6fzoxE6VPBF,UNDERCOVER
91,DECO*27,4UJumCACD12BFuYsvHkeW6,needLe
92,DECO*27,4kjsQH60Pdq8cjfIkBwMfj,セカイ
93,DECO*27,1rbgRVagbu7inMFUxOM1Bl,SEKAI
94,DECO*27,5W1cgZrH79rbALPgEE5x2Y,ヴァンパイア - TeddyLoid Remix
95,DECO*27,5JTpBM6ogvVYqmYx8cQKbG,The Vampire - TeddyLoid Remix
96,DECO*27,0m9QPTZzjtqCWY9Jg8poHc,ヴァンパイア
97,DECO*27,5Atjzvg5qZcWZhXwZkHqPO,The Vampire
98,DECO*27,4ePVGemybJHVITcbVANgJv,ハートインパルス
99,DECO*27,5D5uOm09slnAdj7SCmMytl,Heart Impulse
100,DECO*27,4Aizpr6xKAmqoC1NCaHX2V,アンデッドアリス
101,DECO*27,10zwyEggdeJMmLng7BtxAk,ポジティブ・パレード
102,DECO*27,37ADgU61LA67XwgBFBo4Hp,ネガティブ進化論
103,DECO*27,3wmmuJJ1G9Ykkhp3NAqk8u,39
104,DECO*27,6yNgzFcbViiwTCPCrJsgME,ちょべりGood Time
105,DECO*27,46D8EBlEB7m4BcvWPjIoJl,ゆめゆめ
106,DECO*27,05ReuhxWC85vxG530BGty7,Yumeyume
107,DECO*27,6uuMff1XvwRwWt77eUEQlA,ライトラグ
108,DECO*27,6SZFGXZ0SOWIMXsBfNH3WP,Light Lag
109,DECO*27,7oABl034j8CKuxx9pzV4Hx,Intro
110,DECO*27,4UW9iPyzZGslnxRMXXdcgB,モザイクロール
111,DECO*27,6UslA9s7ZVOgkSgddK5at2,Amekigoe Zankyou
113,DECO*27,73nJrpJOjbMVXmtJa0aIwU,Invitation
114,DECO*27,1OTTvAqG95Y1LRZnbpwHMX,無限∞ブランノワール
115,DECO*27,0DfXt1CmROqHaWURUtPqkz,Critical Line
116,DECO*27,0n0IREhD9DoA4N0paq9zfi,Mosaic Roll
117,DECO*27,4NmqOww0EXpxRR5xoOvGla,CRITICAL LINE
118,DECO*27,1260gHINaEWEzDHsXNtd7D,Project Diva desu. -MIKUNOPOLIS in LOS ANGELES Live-
119,鬱P,1pTsprvpz5ZIxoVQrqY87i,RENAISSANCE
120,鬱P,61h5b9EVrcZWg1Fnc1DC88,骸Attack!!
121,鬱P,0kKrt9JdBFTgcDxPQwxxXm,ガラパゴスで悪いか
122,鬱P,3l9Zlzy4fWOwgCAMWi1OPi,Constipation Of Death
123,鬱P,3iP1HTfzulJPuhEasnV6md,終のファンタジー
124,鬱P,5qxMb5szdiLESRHx0ozryP,MOKSHA (emancipation)
125,鬱P,206AyPQnDvQGBRHdnVXkue,ぽいずん☆あっぷる
126,鬱P,6z8HYX9as3LhByjjMi91IR,OGRE (feat. 初音ミク)
127,鬱P,1v309UvoRN8YJL5v6JIKA3,ぬる (feat. 初音ミク)
128,鬱P,2GXSCSG33aw1acvT5BA0YW,デスロウ (feat. 初音ミク)
129,鬱P,2PLxK9KtfEbf54gu0NcWW2,映えない (feat. 初音ミク)
130,鬱P,4qNQqrrclel1VJw48LVyIq,ダブルラリアット [Double Bass Drum Remix 2021]
131,鬱P,5FDpyZ8q24ct5pSjMC7W3m,CR独特な世界観
132,鬱P,24fs0IRpQ1galRnNklDal9,ダイベン
133,鬱P,1Jbr23IEgiaaonSL96FYqG,ドール
134,鬱P,2kwV5cGgDgfaS7zUXu4d0X,クロクロクロ (feat. 初音ミク)
135,鬱P,6pF6UZZxthtwhzj5B5hZFw,Sweetie×2
136,鬱P,27A02gfuMkOPK96DEj2da4,Bunretsu Hakai
137,鬱P,6q9jcHjqxTy2ME7JIk7Kex,Marionette Syndrome
138,鬱P,3fnpxnqOdFdTLCmrcVJNav,Lent
140,鬱P,2tMbq87SRDbKtbn4QN1BnX,Matryoshka
142,鬱P,2w93x8jn2LrqObvLt2GT0P,分裂→破壊
143,ひとしずく×やま△,7yDnRKqAHr8Qq8KOuDI3CI,からくり卍ばーすと
144,ひとしずく×やま△,53Z89I9h1Vh6mSA31cyxoE,Intermezzo
145,ひとしずく×やま△,0rN7gIbtz54jfstqf05NpT,Villains
146,ひとしずく×やま△,5o7azetE7zoTVtYvgq0EHz,Heroes
147,ひとしずく×やま△,5kQLjucNW1SCjk5bXIFZrq,VersuS
148,ひとしずく×やま△,5JH4qPc1oqUYIiLS92AxUo,愛欲のプリズナー
149,ひとしずく×やま△,4Zk1U4dvGfOdjnp4N8VSG8,海賊Fの肖像
150,ひとしずく×やま△,3xowDYJoDEKoPs3Rp2qwvh,蝶々円舞曲(Instrumental)
151,ひとしずく×やま△,5QTOKbubQqHJJXCYPnQHjL,優等生シンドローム
152,ひとしずく×やま△,2wJwwdKDSaMqhltJgaI0gu,Prologue
153,ひとしずく×やま△,0AauI5YWNSGV4cG6fo77Ky,イカサマ⇔カジノ
154,ひとしずく×やま△,6PlGmFoYblLrQVizhTY9T9,DreamenD
155,ひとしずく×やま△,4AkAAbZIiu0k2RDNMCKd0l,雨乞い唄
156,ひとしずく×やま△,2PLjCZqcSXAHEc4kvWz8NB,Welcome to the Mirror Sound's Kingdom
157,ひとしずく×やま△,7Lz2xAD6xqvvQdNmlocHpM,天翔学園歌唱コンテスト・開演前(ドラマパート)
158,おてつ！,4pkU3iTOmtJTdfA3YxkdLI,Sight (feat. 巡音ルカ)
159,おてつ！,4QVDof5LZRRAG0XuQyHvVu,甘苦い中毒 (feat. メグッポイド)
160,おてつ！,7lr4XLXNmeUi3F0ZmpGAUK,蔓延る毒 (feat. 巡音ルカ)
161,おてつ！,3cEpgZJjNqepQE5PZGYB06,Stomach (feat. 巡音ルカ)
162,おてつ！,1Y0Y40eamKcanZl3OraedL,罪喰らい (feat. 巡音ルカ)
163,おてつ！,00RKLT5kI6olaNt6YdR1SI,memento (feat. 巡音ルカ)
164,おてつ！,1GZDGG94lumHyq8WAEKRj3,産声 (feat. 巡音ルカ)
165,おてつ！,1FiyatcIIbegwgaDtpjEM8,ナイトアンドデイ (feat. 巡音ルカ)
166,おてつ！,6psTfRlGhKp7N5zklseBkY,種 (feat. 巡音ルカ)
167,おてつ！,6NsPd2s1TQXryUadIfIbci,core (feat. 巡音ルカ)
168,おてつ！,2kw4I5KsBq0Go2TnWC0IVu,hole (feat. 巡音ルカ)
169,おてつ！,4dj5oVmnXIewEIO3dgiA9n,才溢れ、欠落者 (feat. 巡音ルカ)
170,おてつ！,3PaVt4uePedYLCpz5cAFJS,カーニバル (feat. メグッポイド)
171,おてつ！,1RpFFgtxsHdjAjojvk2Ds7,Implosion (feat. メグッポイド)
172,おてつ！,1FcgAZ0BzDW3zOJJxehKHQ,飴と鎖 (feat. 巡音ルカ)
173,おてつ！,3FrDmfLHSLzes2UFhjcJvb,shell (feat. 巡音ルカ)
174,おてつ！,27JamYGrJAyvCfKYnFQuba,星屑ユートピア (feat. 巡音ルカ)
175,おてつ！,54pFXXSzorYR1IqepcfmPx,Existence (feat. 初音ミク)
176,おてつ！,6xLAjpzeZJihXF7MMoKfpb,幻想と羅針盤 (feat. 巡音ルカ)
177,おてつ！,70noGcmRZuCCNXYiJzc9WQ,ご覧、蒔いた種が花を咲かせた。期待通りの汚い花。 (feat. メグッポイド)
178,おてつ！,3kiiJ6jRIxpW8pBH8E4K6A,かげ (feat. メグッポイド)
179,おてつ！,6bEq04fqcgaJJoRuxWpHQf,Bottom out (feat. 巡音ルカ)
180,おてつ！,0GSuuk6Wb74ZvEpM7UoDYG,棚引く厭世爍かす程 (feat. 巡音ルカ)
181,おてつ！,4wwmyfC6ITvDbuUQfANx4S,空を泳いだ (feat. 巡音ルカ)
182,おてつ！,3Hn1EuDgc2IJxAR1n6KrCm,mud (feat. 巡音ルカ)
183,おてつ！,3kMfxOKntJ6BGg2lPXFsn4,ゆりかご (feat. 巡音ルカ)
184,おてつ！,6FGELG5OOGX7TUl6ZDPNiR,Feb.14 (feat. 巡音ルカ)
185,おてつ！,49IXzWAyXRSTMg3EggRLgO,生温く真紅い歪な果実、蜜を啜るのは飽きたから腐る前に残さず食べましょう。仮に愛せなくても。 (feat. 巡音ルカ)
186,おてつ！,1y67Ahr7Jp8NIv2SNiEkkB,Child's Garden (feat. 巡音ルカ)
187,おてつ！,4VleaQYzRH1fwqczFrFtG6,No answer (feat. 初音ミク)
188,おてつ！,12x2miBE1WeBT1JtzuKG0T,R‐18
189,おてつ！,4CGpLWSGIVNMvDWnSGZH5A,曇天ノ陰ニ
190,おてつ！,7n1ApffKThmV3QMpxR7sI7,牢獄のアドニス
191,おてつ！,7FmWJPzkixBeEeAOMtz5D8,Password
192,おてつ！,5ofrl0WwTBXNwjFm3wFyVD,無気力クーデター
193,おてつ！,1LouBSfx0X2T9rG9nqIBNM,Mukiryoku Coup D'Etat
194,おてつ！,4EeBRzYA18HH542KSbu42m,Yukueshirezu
195,おてつ！,3WuLSTNZekTPOvT8cLumYl,夢幻
197,おてつ！,2y2d0ZsNRJyBXJyZgcFSrR,Nekomimi Archive
199,おてつ！,7JNAeIepXdnX9Mn9iXm1Rb,会いたい feat.GUMI
200,おてつ！,1zrdnNAhHgiSJhEZwtMkoZ,Aitai
201,おてつ！,1BQSaUe9UWVFCtBytt9Gqb,Panda Hero
202,おてつ！,133G16q0PlTU7Rtz4vX3iD,Shiryoku Kensa
203,おてつ！,4krxXeyVrCztH4jvQpSn6I,秘密
204,みきとP,5hb5WjhSbmcxS3kn9NhLmy,DAISAN GENERATION - instrumental
205,みきとP,53egsiDBuYbbLBsUp0N3TD,きゅりあす
206,みきとP,1ucFdA1sd721g0AQVaOWOk,Curious
207,みきとP,5RGN9g2fmRHZ1wKXDncsFc,Matoi
208,みきとP,7CYbgdYJSF6iW8RroB2iEL,まとい
209,みきとP,11nVjpdqH7MNGvHggfVgAj,僕は初音ミクとキスをした feat.初音ミク
210,みきとP,6rYPewChz5RxuR3CMb4Nch,Boku wa Hatsune Miku to Kiss wo Shita
211,みきとP,2DgJBxTNKHANaZHclYAOn8,Right Here
212,みきとP,5atWugCk7zJrLPBJK9HMO4,だいよげん
213,みきとP,1cxCWc560U5dpwwQgbayUw,Daiyogen
214,みきとP,3a7UHFFlRYbaNMhsKtjNOq,I meets You!!
215,みきとP,0biIYYmzDOQwnEoxP3HXRI,Sister
216,みきとP,5CmqZDTS14IBg75gLoJDrm,Green Shower
217,みきとP,5gg5YQXGfinMeRbLy8IPob,少女ふぜゐ -Vocaloid Ver.
218,みきとP,1n0LA1QAHpacUjex16F9qC,ShojoFuzei -Vocaloid Ver.
219,みきとP,11NoD6DdxrVB8LGUSIzadp,39みゅーじっく!
220,みきとP,7DZrnvfd78FMJgPYa8FSEy,39 Music!
221,みきとP,2rCiNdJ6gCrvh9t4xOdn69,Hoi
222,みきとP,1fwLlfE6z5cHDuecNVLwJN,Home Party
223,みきとP,5eMVIl45efHHWVBqWXGvKf,いるか Starlight
224,みきとP,1v85DEPThAYrnadB5rvxKf,さよならはきえない
225,みきとP,0KJkUdaMukR3KX7z6zXFiP,ガールズインターハイ
226,みきとP,68fJ0xVk0YZ3YoJ0W3dfhE,あのこサーティースリー
227,みきとP,4pWEB2yPT5TXakZuaVNl0C,Ano-Ko Thirty-Three
228,みきとP,4X0QJAUUAFm6FmbUPBnA5M,いーあるふぁんくらぶ
229,みきとP,1BGm7gk2RIPQK39aCSt25z,I-aru Fan Club
230,みきとP,6YVUUZJSL5oM4IaMn2bbS7,セツナトリップ
231,みきとP,7i43CCAo4XpPLpWIjNmvU9,PaⅢ.SENSATION
232,みきとP,1TSrrItT7f5UHSgmTvG1DM,ドリドリ
233,みきとP,62ShitQxzIYosdFdj0qDWI,mrcl -Instrumental-
234,みきとP,0W0k3DEaPeoIs6VUFnkBcd,Cradle
235,みきとP,670LjVtP9VnoSJNg7RkbIS,"千本桜-かめりあ's ""KAIKASENGEN"" Remix-"
236,みきとP,0HUYFkOqWTCDryHdrlavQR,Yoshiwara Lament
237,みきとP,5gXMnHXLo34tSzPIexjdwS,吉原ラメント
239,みきとP,33SuVhLebnwGQmmoOEmIGJ,Rokuchounen To Ichiya Monogatari
240,みきとP,5PsNhzz0tDs8uH5tv31Bar,E? Aa Sou.
241,みきとP,3qnpt7Uj8hdpYgcwxjNJy3,Tsukiyo -Tsukiakari-
242,みきとP,040yRWelfTq7QvjoBQOGP0,Rimokon
243,みきとP,5yBlmg23Yo6F7CS5eoI2FC,Start
244,みきとP,6UpBfIyf1PUBEjDpOTVrqR,Setsuna Trip
245,みきとP,0bJfa9sMbkzGv56DCF3OnA,Amanojaku
246,みきとP,3GITLiQKpHt2p1TKLMuxiz,Tenshou Gakuen Kashou Contest Kaienmae (Drama Part)
247,みきとP,5gA9ahUy7333wJAKRq91nd,Echo
248,みきとP,1wtKWV06P1nfsff9I0SkUj,Kazemachi Hello World
249,みきとP,19yuvEzgijFGPUche7htzH,アスノヨゾラ哨戒班
250,みきとP,4kufrZ5kqK04ahLG1PnCEF,放課後ストライド (feat. 山本希望)
251,みきとP,5up9K8Mwd9xOe0F87hsFN4,威風堂々 (feat. 竜之介)
252,みきとP,1lqQETXQHQEsFP1R4wffX0,風待ちハローワールド
258,みきとP,6VRz7t4E9ltmJQrgLH9CzZ,Rebirth feat.GUMI
259,みきとP,4H6RTq25xBatH6Q308PuTK,MEET YOUR ONLY WORLD feat.みちゃおん
260,みきとP,27s1BfNshA9RfGmMUDxCb4,アルビノ
262,みきとP,7jaQvGUDUaBKbfPb6Vdmu0,夜光列車
263,みきとP,7HCoRI7N1jUVyjI0Fosb9D,GOING 2 DANCE
264,みきとP,1fmXLFg2iSPnJ3Y164VWVm,Invisible
265,みきとP,1c7mMtVGahwvxfkD9Hnprh,Meet Your Only World
266,みきとP,5AfsS0zErCwGhzjoleuNy2,Lost One No Goukoku
267,みきとP,2NKOei0WaSTHaAIMkALMR3,Senbonzakura
268,みきとP,2N8MGGasDx16wYbUA78B93,Rebirth
269,みきとP,2EdnELPd7xWRx8t5PHn8e4,スレイプニル -sleipnir-
271,みきとP,4YyZ1wiAg3nw4tkXFckbfU,心臓デモクラシー
272,みきとP,32lUSf9qjdX9mc9oSNePtm,Sleipnir
273,みきとP,0ibSLidctqstQfsnQ20I4V,Glow
274,40mP,61puKQoNVRblpL4OSAugwj,ハイスペックニート
275,40mP,0VSh9LC4dhQtZBrm5173BA,High Spec Neet
276,40mP,2j6sZ4lgjmvlv61KPD2ZiA,プロローグ
277,40mP,2y3nswubKE8mqR7QLLzc9V,Going My Way!
278,40mP,6GDNXQUiJ6sXcQeuI6m5zf,Life size
279,40mP,0RZzT4KaEfeNVS9GZzNDou,Horn
280,40mP,1Mx6Rc6lqcvKxHbLWTF332,ツノ
281,40mP,2pr7ldCnLyzQzjud6ynLyD,SHAKER
282,40mP,3g3xdcNJTv8UPbcKWIl8c1,だんだん早くなる
283,40mP,1lzkEvcvfXiykqGJjgfY34,Dan dan hayaku naru
284,40mP,0QsJu7vxrxu653sU20ePIw,Snow Fairy Story (オーケストラ ver.)
285,40mP,2AHyjL9b3uQG6OfngKC1d6,キミボシ
286,40mP,5IcH5fmyfb0iXahLLJfiPs,キリトリセン (feat.GUMI)
287,40mP,0fIrJSSeKhu9JJju5hJ8N1,シリョクケンサ (feat.GUMI)
288,40mP,1DWhekPbkZUzh42WkLSCWb,夢地図 (feat.GUMI)
289,40mP,6fSitQcpmOBXLkJeftx2l7,空は二度燃える
290,40mP,71KqeJFzFspgENeJINQ8g2,Soraha Nidomoeru
291,40mP,5uocYhfaXKVOIKXa2w4040,Fire Flower
292,40mP,0qW7otQTw6qSCVm6jCbnJj,Aria
293,40mP,60aLn0y6OmlMMartG9einY,Aa Subarashiki Nyansei
294,40mP,1UFDMXNDXgWP9nakVJ9r1M,Soar -Overdrive-
295,40mP,4koGCRbL1cgDtuaAWTt20C,S-P-B Ryu Special Non Stop Mega-Mix
296,40mP,4FBTYid7owP2ugBFQ5DEwM,Sky
297,40mP,4TU2q0sb0Nm3wx5pVxDken,Just Be Friends - Piano Ver.
298,40mP,0jFH4l9e8cQmn2UB8xSADN,Delta
299,40mP,24nyFi877RLcGpXbRYU0Dw,Berry
300,40mP,4H5t5wdT0TGIW9Rd8sLgdb,Connecting
301,40mP,2mbwdN6MItaax2XnqWb5lF,千本桜 -MIKU EXPO 2014 in INDONESIA Live-
302,40mP,4pHJxE8ZJeE01yzBm47Xux,夢地図
303,40mP,4sDwn6Lw51fLZM3opZTXLI,Dream map(Yume Chizu)
304,40mP,317mVkx7AyGaTdCzMk5Akm,キャラメル
305,40mP,6bpqF4aPdTiBdQG3FJcdRE,Caramel
306,40mP,1h8wPYHIuhrO1q52ph7VXb,地球最後の告白を feat.GUMI
307,40mP,4uecFMPq5p3XPrwT6PfEme,Glitter (Starving Trancer Remix) feat.Another Infinity
308,40mP,16yZ7tSmI1ZX5cnu4ryJfV,白い雪のプリンセスは
310,40mP,0afSduWztLk9ko6grenzWE,Chikyuu Saigo No Kokuhaku Wo
312,40mP,02K36eI7cdfi6HgfMEwBIS,Promenade
313,40mP,4PSE5EUEKTraroHIwX3dO4,さんぽみち
314,40mP,2Eu4XyJqftsDHoHfPwlu2W,シリョクケンサ
315,40mP,2zqO0Z0Pu4M0NaCEkDGBTD,天ノ弱 feat.GUMI
316,40mP,4hXZHe4WGyQPJ6QrwSvqeh,Delta feat. Mayumi Morinaga
317,40mP,5sDF8Hwx1V64El0vGRhPZL,S・K・Y (feat. こまん)
318,40mP,7rIMfHJwYPt4oYyy6N9psF,Eager Believer
319,40mP,5IypRmQXRPC8sZWMYwUnR6,イーガービリーバー
320,40mP,3v6Vs86gmxquxrflWIqnnN,Karagenki Utatta
321,40mP,2ZKkVUslIxyfEIO4yGWQSc,S-P-B Ryu☆ SPECIAL NON STOP MEGA-MIX
322,40mP,4Ra3HWkrwsa49YAI21y3wC,ARiA
323,ナユタン星人,15ksdxC9Gaexd6GsEHtWgc,猫猫的宇宙論
324,ナユタン星人,351ZqQzCtOzN9Exn2Lo8ZU,Cosmology of NyanNyan
325,ナユタン星人,1rrEiOzH6M9qlY0EmYWHac,ユーフォーユーフォー
326,ナユタン星人,6WyTQ76nKwpab4czrlJrTC,エイリアンエイリアン
327,ナユタン星人,2KMzLn44EAFssUbHpctsCF,Alien Alien
328,ナユタン星人,2zzC835utqJmVFFZsbWd0u,アンドロメダアンドロメダ
329,ナユタン星人,5nuGtvthyXbwrBloU0pEGN,Andromeda Andromeda
330,ナユタン星人,2ByITjPkK6tOYsJTqzFKre,ひみつのユーフォー
331,ナユタン星人,4novzGs1VNPqxeIlwFabJE,Secret UFO
332,ナユタン星人,1cg1yUmSw8hV4JnZFB8I9d,銀河電燈
333,ナユタン星人,1rSbVZmlJXXuas7NXrKUsF,Galaxy Lightway
334,ナユタン星人,3GJ7Js5uZlrYvtZp3FCVtt,いにしえロマンティック
335,ナユタン星人,3WRRPcBar0bC9btz1Znd9x,Ancient Romantic
336,ナユタン星人,5xZhG2mazqD1QrO2S8W4tk,学園スペーシー
337,ナユタン星人,1oUHcOHat6eYlBwdcobt0l,School Spacey
338,ナユタン星人,49JwOBHS75ExzeNbm26jRQ,halo
339,ナユタン星人,7mzT4nSOs335TWzIVrRarX,水色侵略
340,ナユタン星人,4ia2DWjHfu7qBLgVm0g5aq,Light Blue Invasion
341,ナユタン星人,4HY1rnSE1Teg4hpon69NK6,大宇宙ランデブー
342,ナユタン星人,739pXFk4H0j6rlup2l2wwh,Great Cosmic Rendezvous
343,ナユタン星人,1zSbHQZvDSzfsTcNTVpNcH,サイファイエクスタシー
344,ナユタン星人,6jQpqyWaUqSeL1Te35BbDl,Sci-Fi Ecstasy
345,ナユタン星人,6X9LJtqsPbwQFFutM1XJkb,藍と極星 - Vocaloid ver.
346,ナユタン星人,6y2kG8COEIEDB5uqsB1Q6c,Indigo and Polar Star - Vocaloid ver.
347,ナユタン星人,1n1w9DZmt8UcZPaODP7lxT,ならばおさらば
348,ナユタン星人,7I2OpU6JCY3K73KYW8pWMC,コズミックメロンソーダマジックラブ
349,Neru,2d4wuhUgICLJT7da8Bipag,CYNICISM is(instrumental)
350,Neru,0k6S71Qc4oKox0YVF2AWXh,世界を壊している
351,Neru,6m5Rk67linNHu66VBK434T,東京テディベア
352,Neru,04dx3YNEtVOnd1j3dEHXo9,0ptimi2er
353,Neru,7otQgFs9iy2pX16TZx9qUb,0verf1ow
354,Neru,7J0OxzjQMtH7vKpm0u94Qk,Tiempo
355,Neru,6ZFFbUDB3lpTIAB3o7aAl2,Black Side Vol.4 (Códigos de Rua)
356,Neru,1wAxEUFgbxev73Ib6FBJcw,歌の棲む家~メゾン初音~
357,Neru,577zaoVejGXsjiieowCvWQ,Bokura No Saishuu Teiri
359,Neru,3rhyADCEi8XayXoLR0Lkfv,America ~We Are All Right!~
360,Neru,4sGbkxTW64fRlh9WdwfFsg,Genjitsuteki Ronrishugisha
361,Neru,7mSu1OhDrRwa0rdv7NtiTQ,Shinzou Democracy
362,れるりり,3wJgfgsDlYmnRV329mbxmq,脳漿炸裂ガール
363,れるりり,2NQoH4WRfKHsidEtecIdYV,羞恥心に殺される
364,れるりり,2KmLFElbLVFqCSqhU9wZvV,厨病激発ボーイ
365,れるりり,5U9V9waYHhfhqPvSHRYs1O,ゼロ距離恋愛
366,れるりり,2H6Tet0rvynY7En4eZ8fX2,アイカ
367,れるりり,4RoewCOCQeKrGT9ralcF1a,Aika
368,れるりり,5Us8WaUDWy7yU5uI4Rsuhz,反芻シ考
369,れるりり,1nnbfSFl8krnxpmxp8SYuU,Rumination thinking
370,れるりり,5VWGyipWZ2hI29SGHXQuwi,To the Moon and Back
371,れるりり,3Ihw9dUCollBvcOIqyByx1,Knife
372,れるりり,0AxYFrPUvx26zl8NhlNpXh,いくつもの夜を越えて
373,れるりり,55kNljwSCgRSZG9Ul16agP,いつもより泣き虫な空
374,れるりり,5xslf27KuFFiidVkyxSzw2,スペシャルガール(feat.鳴花ヒメ・ミコト)
375,れるりり,3FflDrypgt2NKSd5y3YjZG,Magic Melody
376,れるりり,1k3PSGLepJzqDyuzmrdI8L,ずっとだよ
377,れるりり,5qAPs5sYULfaEqF9YAZunw,Fairy-taled
378,ユリイ・カノン,01GYgafE1zDKgQ4p7UspxF,人間らしい
379,ユリイ・カノン,5EogkPdqUGBKStfiqiMYWb,遊園都市ベロニカ
380,ユリイ・カノン,0y1zujG7p1wOPb5syApgge,対象x
381,ユリイ・カノン,0ClST60bxh2OrqIYxpS2wy,少女地獄
382,オワタP,42pmw9ZkcJOI2lb7pDCJJB,こもりうた
383,オワタP,3jEOqlEYD0xe0mcsfVRFPY,偽りの世界
384,オワタP,5Z6qWBYU5Mor6ZcKr24QmQ,弱音博覧会
385,オワタP,6Kwch51GIinpmfcBi28LqD,私はここに。
386,オワタP,66tZTqhEMobjJWz9HSAIev,トルエン
387,オワタP,6vWuvCWVKKvnGCKzM3hAXa,火葬曲_reject
388,オワタP,5jbnvUuLBgkBCOVHWo3wS0,ベンゼン
389,オワタP,6eEBiLGhOvRCXkSpq9OZMs,ニトロベンゼン
390,オワタP,5FqQdEZB90L85Zt3Pat1B2,そこに無いなら無いですね
391,オワタP,4AZgXAxWOGQaICYmbDSRXZ,かみサマなのな
392,オワタP,44Lib67StiJflQKLjSe98j,欲望解放24時
0,ナナホシ管弦楽団,50FxRoO4616leJBGc8SX9X,抜錨
1,ナナホシ管弦楽団,3e1TWKhkeMCybyFjKvGZpv,カンケイナイトファンキー
2,ナナホシ管弦楽団,6yZMJJZQimHEgiG1CbucFx,デリヘル呼んだら君が来た - Original Ver.
3,ナナホシ管弦楽団,0FCTPVuotzxJFKDVqH7gYJ,IMAGINARY LIKE THE JUSTICE
4,ナナホシ管弦楽団,6YVUUZJSL5oM4IaMn2bbS7,セツナトリップ
5,ナナホシ管弦楽団,322kT9nvEyAe0mTb4fPpYH,Streaming Heart
6,ナナホシ管弦楽団,4qkGMo6bzCrva5p57zPVqB,Go! Shichi! Go!
7,ナナホシ管弦楽団,7wMC7IQrEmi0TBpMIw1JSv,心壁サチュレーション
8,ナナホシ管弦楽団,5B7QLGftrwiSICpaTjtjP9,神教⇒Exclamation!
9,ナナホシ管弦楽団,2OxYvlfi9IT7vqAGYKv7KY,America 〜We Are All Right!〜
11,ナナホシ管弦楽団,4EeBRzYA18HH542KSbu42m,Yukueshirezu
12,ナナホシ管弦楽団,2NKOei0WaSTHaAIMkALMR3,Senbonzakura
13,ナナホシ管弦楽団,5myPMVkUFHAUl5jtJzHoIk,Heisei Kataku Rhythm
14,ナナホシ管弦楽団,2EdnELPd7xWRx8t5PHn8e4,スレイプニル -sleipnir-
15,ナナホシ管弦楽団,1h8wPYHIuhrO1q52ph7VXb,地球最後の告白を feat.GUMI
17,ナナホシ管弦楽団,0afSduWztLk9ko6grenzWE,Chikyuu Saigo No Kokuhaku Wo
18,ナナホシ管弦楽団,32lUSf9qjdX9mc9oSNePtm,Sleipnir
19,ナナホシ管弦楽団,0ibSLidctqstQfsnQ20I4V,Glow
20,かいりきベア,6MJFNhbXbqXCbHP24yLltO,ダーリンダンス
21,かいりきベア,32cvZTXsJi4EzkvVDMH4Ij,DARLING DANCE
22,かいりきベア,5kIJ8CygeL9Pvrnnms4uAm,VILLAIN - TYPE A - Inst
23,かいりきベア,7qMGxOAKWPnX2S5l3wNae0,#NAME?
24,かいりきベア,5shsEBLJpIDQip3cr6577N,#NAME?
25,かいりきベア,3OE5BWJEK1rWwyBVXSkTol,雨音に融け込む傷跡のエンドロール - Inst
26,かいりきベア,6OuIFpef7xc3qmoW3Tl5Ti,ENDROLL OF SCAR THAT MELTS INTO THE RAIN SOUND - Inst
27,かいりきベア,528jwIBmbINxWCW53Q5KaK,Imitation Gallery - Gate Of Psychotropic
28,かいりきベア,4j7q9Rmt3Yr7Qh0YJt9q3x,IMITATION GALLERY -gate of psychotropic-
29,かいりきベア,30thmQbl9yqU8u7rZF8gDQ,カーニバルハッピー
30,かいりきベア,2prPAKtsiphQbIb2VuxvUH,CARNIVAL HAPPY
31,かいりきベア,2fy0XFkpdpRJmdQFMZgPX2,VITA
32,かいりきベア,5Sg3V0VivdFHzIIVMFMILu,ビータ
33,かいりきベア,4MavHYoEwp6gI75S2kO38O,ネロイズム(feat. 鳴花ミコト)
34,かいりきベア,0xVM7uV2apNSLsF6pPMMlR,ベノム
35,かいりきベア,4dmyaxEYHAjZyYoIJOGK1q,イナイイナイ依存症 - MARETU Remix
36,かいりきベア,6XUHEiHlFkE6yMriIZnP3c,DISAPPEARANCE ADDICTION - MARETU Remix
37,かいりきベア,1HZDkmuOxiUB4RgACPd6eB,ベノム(feat. flower)
38,かいりきベア,3XitEnW5uRuSeOmEZdV3Ml,メスト
39,かいりきベア,56CDTPwbrwNgm94oLZu9Dm,Mr.シャーデンフロイデ
40,かいりきベア,3zuf96yHzJwmCM3YymQGnU,Mr. Schadenfreude
41,かいりきベア,322a8OKJJEV5z5B5CeeopR,フランケンX - 煮ル果実×はるまきごはん
42,かいりきベア,0HXF53eMwo6c447AMXHNyv,Franken X - NILFRUITS×HarumakiGohan
43,かいりきベア,2kwV5cGgDgfaS7zUXu4d0X,クロクロクロ (feat. 初音ミク)
44,かいりきベア,4ZFTYvXeawOafe34lZfdhK,Invitation
45,かいりきベア,12eZZSf2JLBcOaxDBK9iUj,Introduction
46,かいりきベア,4LBlNzUMP8qLWHvOXwhlDt,Naked Echo
47,かいりきベア,5xslf27KuFFiidVkyxSzw2,スペシャルガール(feat.鳴花ヒメ・ミコト)
48,かいりきベア,42drkusB1JiTDW61bw7Yik,NAKED ECHO
49,かいりきベア,3qnpt7Uj8hdpYgcwxjNJy3,Tsukiyo -Tsukiakari-
50,ハチ,0vENG11oPsLk9PCCH28M7S,パンダヒーロー - ORIGINAL
51,ハチ,0VOin62IwFSb4KAH4lK9Vs,Persona Alice - ORIGINAL
52,ハチ,2RBQ84niVRC6bBdhe7lc9F,砂の惑星 feat.初音ミク
53,ハチ,6kwLcF9pDovUbmGOtHo4Ml,ドーナツホール
54,ハチ,0URdhmG0JqJTMf6RBt9O12,Ex Yame
55,ハチ,6vZJcvVxHNljIkQrOhAJCI,I wanna
56,ハチ,0ivuNLmGh8qSsRApXLFaes,Fade Away
57,ハチ,2mbwdN6MItaax2XnqWb5lF,千本桜 -MIKU EXPO 2014 in INDONESIA Live-
60,ハチ,2w93x8jn2LrqObvLt2GT0P,分裂→破壊
61,ハチ,1NuV7pOA3u2Jshagp0LUgY,R‐18
62,梅とら,65VI9MZUZIpNQJbGmNKmIp,威風堂々 - ver.D/D
63,梅とら,7azLS8aACqwWiGjAkuRfdx,赤ネ鳳
64,梅とら,1YxaHpX4cVQFjbDKAcCa02,AKANEAGEHA
65,梅とら,3RPDc25OvBL0XOn9FMkCGF,雷鳴
66,梅とら,02UdZR1uw2qD3RhpRMfsf7,SURVIVE
67,梅とら,0n7zpfxyFqalPSJcYA3puN,ANIMAる
68,梅とら,7uFWSw2AQrI9X3iaDLJmcP,ハイドランジア
69,梅とら,2pFJqVXsHoeaFncYv4Q52K,唯一、愛ノ詠
70,梅とら,7f04uVG4r7VveLbVGk05FJ,サクラソウ
71,梅とら,75EGAQg5gJhUz69GSYufBt,一心不乱
72,梅とら,670LjVtP9VnoSJNg7RkbIS,"千本桜-かめりあ's ""KAIKASENGEN"" Remix-"
73,梅とら,5uocYhfaXKVOIKXa2w4040,Fire Flower
74,梅とら,0aCJTjjeC2AzOi4hz7sUpv,Ifuudoudou
75,梅とら,5PsNhzz0tDs8uH5tv31Bar,E? Aa Sou.
76,梅とら,5yBlmg23Yo6F7CS5eoI2FC,Start
77,梅とら,0DfXt1CmROqHaWURUtPqkz,Critical Line
78,梅とら,4NmqOww0EXpxRR5xoOvGla,CRITICAL LINE
79,梅とら,5up9K8Mwd9xOe0F87hsFN4,威風堂々 (feat. 竜之介)
81,梅とら,3N1LwH2IITqRcBG8i0yU45,ソドムの黒炎
82,梅とら,4hW6qhxjOBy4XJ3Lo5puX3,青空ユメライン
84,梅とら,7FmWJPzkixBeEeAOMtz5D8,Password
85,梅とら,2gkJEcf1efMurw10r5qX2B,Setsuna Trip
86,TOKOTOKO（西沢さんP）,7w1qgL0BhgVTgojpe4Bkbe,SSR
87,TOKOTOKO（西沢さんP）,0Jit7FUpstUMd1BfPrG0vf,映画を見に行くよ
88,TOKOTOKO（西沢さんP）,28Nic1lfoNGk1Ja2ZpaqWQ,ポケットサイズ・ドラマチカリ
89,TOKOTOKO（西沢さんP）,2V5Rs9DHNyZGLtgqfD3CJK,迷子ライフ
90,TOKOTOKO（西沢さんP）,2LiAJgtMUtteQwGRCxzHAt,風来
91,TOKOTOKO（西沢さんP）,57GzEwJGXaSS1nCTcqcmEz,少年少女モラトリアムサヴァイヴ
92,TOKOTOKO（西沢さんP）,4NwsnbBq48sIwiT8R9RUMm,僕らの街に愛が降る夜だ
93,TOKOTOKO（西沢さんP）,3oZZkUDMS20JlUo7H03LCE,ハートビート・フロムユー
94,TOKOTOKO（西沢さんP）,0DFxt4HOP3FdhEl8mCNGKf,東京五月病
95,TOKOTOKO（西沢さんP）,01p4GxyzRdOKL8xLqWHJdL,格子の心臓
96,TOKOTOKO（西沢さんP）,3CblqdFVN4oTP72fEMqqYd,泣き虫アンサンブル
97,TOKOTOKO（西沢さんP）,7Fl9QE2XRMJos5tMWkQZKA,フルボリューム
98,TOKOTOKO（西沢さんP）,4UW9iPyzZGslnxRMXXdcgB,モザイクロール
99,TOKOTOKO（西沢さんP）,5gXMnHXLo34tSzPIexjdwS,吉原ラメント
100,TOKOTOKO（西沢さんP）,0s4WKMUo4DxTfxjQtwl3OO,しわ feat.GUMI
101,TOKOTOKO（西沢さんP）,7JNAeIepXdnX9Mn9iXm1Rb,会いたい feat.GUMI
102,黒うさP,70asqq99PKeE6oP4WzqThL,Once Upon a Time
103,黒うさP,5nvcwCiRhUMHPSSUZCUqbz,カンタレラ
104,黒うさP,38mUTswfszVFQ952r89AP8,千本桜
105,黒うさP,1rnEmMcOAdQckPj3mRDkmH,紅一葉
106,黒うさP,19yuvEzgijFGPUche7htzH,アスノヨゾラ哨戒班
107,黒うさP,7Lz2xAD6xqvvQdNmlocHpM,天翔学園歌唱コンテスト・開演前(ドラマパート)
109,黒うさP,4H6RTq25xBatH6Q308PuTK,MEET YOUR ONLY WORLD feat.みちゃおん
110,黒うさP,16yZ7tSmI1ZX5cnu4ryJfV,白い雪のプリンセスは
111,黒うさP,2Eu4XyJqftsDHoHfPwlu2W,シリョクケンサ
112,じん,4EwILMZX9gfgEavlBrw4ff,エバーユースロードショー - Instrumental
113,じん,7LrhQ2EWjjawLmGxv5Pd9J,Children Record
114,じん,7Fpx4adCn4L6NYTXcOjCXb,サマーエンドロール - Instrumental
115,じん,5fUglbsVi1RVnsT43sConv,Summer Endroll - Instrumental
116,じん,19oWLmbGHgVSD5aG87uUQJ,ロスタイムプロローグ
117,じん,6xmEd8u9sX6hGXTUsLKGCQ,Loss Time Prologue
118,じん,6c6fQ8k4yIUnLJEPy7zj3z,Kagerou Days
119,じん,275jqfRypMGVrEuT4hHCE6,LIVEDRIVE
120,じん,0i6lYXBMWFYhdoz5MUiKWR,ワールド・コーリング
121,じん,3bPyem8QIj4zksN8oXgcFJ,World Calling
122,じん,5ftD1tqLt4BiKTdlFD1ROw,後日譚
123,じん,7EgAQ88TKT5HHsYpRThUQc,チルドレンレコード - Re:boot
124,じん,2egIEVKrbtQzf52e4fCKGo,留在我身边
125,じん,1IYplqIjZf3tOVwYszKdFZ,99% - 快手特别版
126,じん,3qZ6lZMn1kM5LJQmJzAQFv,沦陷
127,じん,6TalR67wLu4rKy2MtIw3Wa,Eternal
128,じん,6Wei9QOAb1zKnRlu3VWjs4,Sine - Jin Remix
129,じん,2PaEuHAkQpypJ0mYvcbXw7,アディショナルメモリー
130,じん,3pqAA94pjtE7FwkzswTTVC,失想ワアド
131,じん,44JbtW7K96ZUIAF5hxckot,Last Summer - K Tobi Remix
132,じん,2Xyaa3v7KDlipynoEsb2g3,Xuan - Jin Remix
133,じん,1kqFlFwdyfNCCLwiz9LGjL,Live Drive
134,じん,5WwaA9IXHlpR57iKQ2TraY,Muốn Dụ Em Hay Gì - Remix
135,じん,7tKpyPnaf3cahdCE87LCxD,Song to Fly
136,じん,3rJ2v5CYE7j7Y6hUW9SuIw,Politics & Weed Smoke Vol 1
137,じん,0MJhVogR7iap8foGGJnDLC,Minimum manipulator
138,じん,51QZOyt9NYGCnMaR5s1AVa,T-Box
139,じん,2ddTJlFgVwOqYcprututjm,FAKE JAM
140,じん,5yIJrtzbXTo0cqSHP3USn0,マルシェ
141,じん,3WN1x6CIi74kxmJc3EKFCW,storyteller
142,じん,5e2ZmdrU2HcxHEse00jp4Y,ストーリーテラー
143,じん,0NG4R1s89O8xlNTYJN42Ia,Touch Me Softly (Feat. Chohye Jin)
144,じん,266NtEQt1rvaHDKuuMjgka,キミと散歩道
145,じん,1VHCmo9ly7f368QARGT3Cd,the promenade with you
146,じん,0PoYciOrI7qH0yHimbDmTg,Feel Me
147,じん,0BZNCMhi9KU8SUtN6C4yd4,Feel Me - Instrumental
148,じん,6gKzNvVjQrtMTH31fK7YoJ,BLOCK
149,じん,2Frdb6XBjjCRzWmgUnJJFf,Stay Gold
150,じん,3f0fEw40YXbDvq92iNhJ4Q,STAY GOLD
151,じん,7HGTgiDEWoD3SNslGqI06t,ミライ
152,じん,5FkTU7U7dBZEViEgGQNjbN,Mirai
153,じん,4SRaS9UER6YIr9fyINWtgD,Shooting Star
154,じん,1J8P5gi2rwToqVyBZyCuOr,Daze(Re Ver.)
155,じん,1NVeZUA3VG5DA7mCytSMI6,カゲロウデイズ -初音ミク「マジカルミライ 2014」Live-
156,じん,7HCoRI7N1jUVyjI0Fosb9D,GOING 2 DANCE
157,じん,3rhyADCEi8XayXoLR0Lkfv,America ~We Are All Right!~
158,じん,1JLi1LOHt6dDTiMrwejsd1,愛し君へ
159,じん,3xJxr0tv8ONfdU6RE8YiLU,Soul Parade
160,じん,0XtEFujXgTnIBNR86H9vNy,Be Alright
161,じん,4sGbkxTW64fRlh9WdwfFsg,Genjitsuteki Ronrishugisha
162,じん,29D9tPNqy1tVjvmETNfbp1,ONE WAY OUT
163,じん,5UblEQ3h6fxZP1JjKjX9nQ,ONE WAY OUT - (acappella)
164,じん,4pyW9YxEYvil4JHJYlq4Ij,Shining Days〜ドアの向こうには キミがいる〜
165,じん,6mu0c0iX9vPxMbyUMfqz1J,第三の男
166,じん,4sU6fgfbtz7uqmpTlYMzdq,a tomorrowsong
167,八王子P,5JhtK0W7aUuy2YPZbJzzsn,ACUTE feat. 初音ミク
168,八王子P,3TIfHgv7WTgKCOv0VYP8tM,Last Dance
169,八王子P,35Yfq3CvCxv9P4p10xHBh8,Enchanted
170,八王子P,1rwSeuu56m1DotFf1lGG41,Prologue
171,八王子P,2MZ86Pi0JyIE2hGnjuOqAb,Monochrome
172,八王子P,4u1MbSLblmjeUfIAQ1uSsH,It's show time!
173,八王子P,6ci1b6aaQDKaXw4YrTyWiz,Twinkle Starry Night(テレビ朝日系「お願い!ランキング」9月度OPテーマ)
174,八王子P,2gicVxq6egW6DOrR8idWNd,MARIN ECHO
175,八王子P,5wcagGyMtMzbhhmkFqthQS,Marine Bloomin'
176,八王子P,44Kr59FH6aOx1EUz4nq12u,Marine Dreamin'
177,八王子P,2nvR3T8wXynnDS7N6d81qv,気まぐれメルシィ
178,八王子P,0JGU0MojmFgsswHKWIxhO7,To the Kingdom
179,八王子P,11BKyKW6Q25nul6y7EeMuP,Green Light - Ryu* remix
180,八王子P,1uL4yvsrbfpa6tCr97cQvz,Little Dreamer - Future Happy Remix
181,八王子P,7I2OpU6JCY3K73KYW8pWMC,コズミックメロンソーダマジックラブ
182,八王子P,2bVJ6wgBzEWmeFIRXslE2n,Killer Lady
183,八王子P,45G8e1XJosZG2dQsbRNiOh,KiLLER LADY
184,八王子P,0YdRLMigOirpQBzj6VFyQG,エスケープ
185,八王子P,2zqO0Z0Pu4M0NaCEkDGBTD,天ノ弱 feat.GUMI
186,八王子P,2P8HxufC1uIUVFYGkyRkSm,Amanojaku
187,家の裏でマンボウが死んでるP,5lrzpBXr8wIMeOsNc5KUN3,ヘルニアの神様!あいつを狙って!
188,家の裏でマンボウが死んでるP,4eVtyGSg0yidMAhABovuU3,盗み出せ!アンティークのチキン
189,家の裏でマンボウが死んでるP,4y7G4ge6Lui8VnObCjxe2e,鬼の尊厳復権組織りはびり featuring 綾 (CV:柿原徹也) & 唯 (CV:山下大輝)
190,家の裏でマンボウが死んでるP,1Yk7zeuONENb58LAdiexUb,オーロラは毛穴が開いてるだけじゃなかった
191,家の裏でマンボウが死んでるP,5KxAfm5p8YghJOWg218o2z,家の裏でマンボウが死んでる
192,家の裏でマンボウが死んでるP,1S25KolZjJKm5W5kDFNChr,ドラゴンが定期落とす
193,家の裏でマンボウが死んでるP,1WrhBsY7f9dNTb2kx0Qukw,聖夜、愛犬がビデオデッキに詰まる
194,家の裏でマンボウが死んでるP,0sSuk4GZGmRCnUQE7MVXJc,ジョギング中の人に絡みつくタイプのラグビー 舞子Ver.
195,家の裏でマンボウが死んでるP,29zQGQa6FDWjvXg9PRibcZ,誕生日、ペペロンチーノにやさしくされる
196,家の裏でマンボウが死んでるP,6KxWDJgpTQMKF4Koyc5JOs,おニューのかさぶた、ペットに食われろ
197,ひとしずくP,4HzYTgDjiox7jqUDbyqyKI,Yuudachi No Ribbon
198,ひとしずくP,577zaoVejGXsjiieowCvWQ,Bokura No Saishuu Teiri
199,ひとしずくP,3GITLiQKpHt2p1TKLMuxiz,Tenshou Gakuen Kashou Contest Kaienmae (Drama Part)
201,ひとしずくP,1fmXLFg2iSPnJ3Y164VWVm,Invisible
202,ひとしずくP,2er4Xsi8iZndpaQfFv5uwT,Sekishinsei: Kamatoto Araryouji
203,ひとしずくP,017iave15rDwm6kt97wyEN,カオスインマイヘッド
204,Crusher-P,3Zrl8GXCVvOfrIZFDncRk9,Again
205,Crusher-P,5veFnhy3eftwehn70vrZIs,Propaganda!
206,Crusher-P,5atspnTs9WamQIWA6NH7SD,Sleepless Nights
207,Crusher-P,3TLbXJ0a0k4zjFTM0CAC6X,いつまでも
208,Crusher-P,2pDPOMX0kWA7kcPBcDCQBu,Echo
209,Crusher-P,5LC4eaFLuNXjJ47hR6sxCD,Out of Sight Out of Mind
210,Crusher-P,7fqZNBdQcHqqhQkPYjbKBt,ECHO (Stormzex Remix) (feat. Vocaloid Gumi)
211,Crusher-P,0jmVndoIt2h6d8ajH4thLv,Would You Rather
212,Crusher-P,4CzBTrBlUR2YO4XrXP2nNr,ECHO (feat. Gumi) [dj-Jo Remix]
213,Crusher-P,0eY1nWCNy3PaA2XhjhTBQF,RE:Again
214,Crusher-P,06unSS36vlApTBC5P91AxG,Echo (feat. Crusher-P)
215,Crusher-P,55cMfozUw5QshbrwPgBHnM,1000 Doors (Spooky's Jumpscare Mansion Song) [feat. BSlick & Crusher-P]
216,Crusher-P,1w6V4XuE8E5I0mwWbXE3ft,1000 Doors (Spooky's Jumpscare Mansion Song) [feat. Bobby Yarsulik & Crusher-P]
217,Crusher-P,5ZXvCHbKFP2uIoCyXF30xI,I Can't Fix You (feat. Crusher-P)
218,Crusher-P,3zAqapGmeTcDB4xES8LBUL,I Can't Fix You
219,Crusher-P,4H5t5wdT0TGIW9Rd8sLgdb,Connecting
220,wowaka,0qW7otQTw6qSCVm6jCbnJj,Aria
221,wowaka,5Ue5PQipRndRmYrTNQyk4p,初音ミクの消失(Moonbug remix)
222,wowaka,1260gHINaEWEzDHsXNtd7D,Project Diva desu. -MIKUNOPOLIS in LOS ANGELES Live-
223,wowaka,4Ra3HWkrwsa49YAI21y3wC,ARiA
224,ツミキ,0R9RKP35Wn3G6HucEopbil,トウキョウダイバアフェイクショウ
225,Kemu,3t547LGoHzEj1nrZxGBQ3I,Tripping
226,Kemu,3eGoU7axuRs95XEg2bHgLJ,イカサマライフゲイム
227,Kemu,3HT4RiCFnzyv04l24HeBlA,人生リセットボタン
228,Kemu,33SuVhLebnwGQmmoOEmIGJ,Rokuchounen To Ichiya Monogatari
231,Kemu,1c7mMtVGahwvxfkD9Hnprh,Meet Your Only World
232,Kemu,0iC0K1CyGivvOjd18ROAPz,Tokyo Pleasure Ground -Prologue-
234,Kemu,5Yl7eeSyfRN4lzSSZ9LQKx,Yuurei Yashiki No Kubitsuri Shoujo
235,Kemu,2aBu8taTHTXP51FZ8g4MnA,Jinsei Reset Button
236,てにをは,3abKXim7hHzk6MmSJQ5oP5,Neonbow Walker
237,てにをは,5XV5fq1oIM7OLDzG7sQc9i,展翅天使
238,てにをは,6kv0QHMoSzJO7z0UId9dfp,妖怪少年探偵團のテーマ
239,てにをは,3VfVs2ZHhpXzBSMkLLzdxi,探偵ロック
240,てにをは,4sKtVLsTmb0cVunZNpGmGd,キュリオ シティ (feat. 初音ミク&鏡音レン&鏡音リン)
241,てにをは,2wywYTwBYiB8C6H8x3zg4C,クーロンズ・ホテル
242,てにをは,6OcfNne5vPOrkthIvwPe9a,一角獣
243,てにをは,6NT9rwcaLbBCJgNC3KszWR,UNICORN
244,てにをは,5CSVNJBsEPH3cM7S2iQgax,ヴィラン
245,てにをは,5KE5i73iG4A7h8OyqyIaZK,villain
246,てにをは,6Vw3jV5ki6MxoK7Edo89tP,ブラッドベリ
247,てにをは,4EKbBwy2dJzEXN17Xs3yQV,Bradbury
248,てにをは,1jOUccAHpzNNvKBFUbLQ9U,Check And Chase
249,てにをは,3NaZokOh98b1XBTMPnN7oz,Shiwa
250,すりぃ,62oamPISqdSMV5VCJMmfRP,ドロップアウト人生学
251,すりぃ,4Mh7K0wruU1tpfah4lqp7O,カメレオン - すりぃ ver.
252,すりぃ,68CYG0ICN5XAiohex6mYX2,カメレオン
253,すりぃ,2FRMwFXODegegRrfLAeVwx,エゴロック - long ver.
254,すりぃ,69Uy9IRF9xUhjCninBo4x3,ヘビリンゴ
255,すりぃ,2wqWasdvC77Xuw15SMDbVG,あんずの花
256,すりぃ,7yYm9Tuok4Evvu53z2JHyh,空中分解
257,すりぃ,2WiVNFXvDrlgsQpu8GMo4m,リ・ユーク - Short Ver
258,すりぃ,2c3FAQCjqnBUnBxDO98vyD,朝日
259,バルーン,1fspbOj0aYfUlrpjGZEffZ,Rain and Petra
260,バルーン,5V9Y0tatVvqGeZdyohOBPk,雨とペトラ
261,バルーン,3FUyktvvQZouQvQsfmfYVg,Topiary
262,バルーン,7HwQUjoRcNBradlc2wC9in,トピアリー
263,バルーン,79s4dbBgurZXKI6Syqe42m,アルコーブ
264,バルーン,4Jkhcxp3pdeonmjG1NuyTq,alcove
265,バルーン,0kdCJN0s1FB37IJoHWaZEk,パメラ
266,バルーン,33U4RZZ4R6zZQt0fobgjZ4,溺れた雨傘
267,バルーン,6JtPjgEZthIYVIXzYzp3kD,Drowned umbrella
268,バルーン,1QLNKHsSRtDBmrlWMP9FZx,造形街
269,バルーン,4z8J5R2CzUoKMW7s9RVPm1,Zoukeigai
270,バルーン,3DDxISAC1G4l6AcCQoeElL,All These Sticks
271,バルーン,1RXaczdym49YvQ7UfHhl78,Random
272,バルーン,2tFnXovBx3B7lvr6GwCPhV,Hit Again (Intro)
273,バルーン,5BQQHORcuso9cecOWZu2cS,taikou train arranged balloon
274,syudou,5gBPVhQb8uwQ1yTnbBuXrV,アカシア
275,syudou,63xKrJ3AfaVEG6ST88z6t3,Acacia
276,syudou,3gOSyvWCpk3hdG3cE8jqMn,アイソトープ
277,syudou,15tGTY8mPsflrRCImn7mth,取扱注意
278,syudou,6ChUthlLgyYERevKJoqmw9,Toriatsukaichui
279,syudou,5cs2R2mSrXhSI7gjhVutcV,カレシのジュード
280,syudou,5zo5bNQ8wC7TCOzJFxLIL4,Kareshi No Jude
281,syudou,3T7rdXRAk3b2WUlevahSw1,キュートなカノジョ
282,syudou,2WyuVRaERAVY8FPVFHajTx,Cute Na Kanojo
283,syudou,13So3NLN0wAesr39YSZQef,ギャンブル
284,syudou,6uJYlImgJZHoxrkbIn0S2m,Gambling
285,syudou,1YIQqV0X14caopQwj5zGoq,爆笑
286,syudou,7AW517jaKB0xsOnwdBpwhI,Bakushou
287,syudou,16yEJwDlq06YneZeaKY1n5,へべれけジャンキー
288,syudou,2mXeS1x0TGoVwUpryXbNWC,Hebereke Junkie
289,syudou,1RsAMnJzLfSiULiCku8vXE,コールボーイ
290,syudou,6uP7QLdr0YHGy7un8RHQuA,Call Boy
0,Kanaira,7BU5WMDf3OL69FrkRBdTya,ヒトリユラリ
1,Kanaira,1CQ2OTb1x5M3UyCwbGHnXD,EYE
2,Kanaira,7vgV4fH2MbMH9rrcfkCOIz,MIRA
3,Kanaira,7rPKtXBW35rSQH1i6QAvyk,ENVY BABY
4,Kanaira,02vOyaNCKGX8uhjggOIH83,エンヴィーベイビー
5,Kanaira,2TAA9e8dXBST241xlKBKYO,ヒトリユラリ - MARETU REMIX
6,Kanaira,5lojBXokpBOfuTDly9Bksx,KING
7,Kanaira,5FRNHJQp1NkCX9PwCkGqd9,百鬼祭
8,ピノキオピー,5jIVIIZhffcaezvrNIFocX,ラヴィット
9,ピノキオピー,72hdS3iPYFo00AjgzThXU2,Loveit
10,ピノキオピー,4cAqmtzdIXnuh8ytxrZZik,愛されなくても君がいる
11,ピノキオピー,03TzER3qI6rcOjWQb6FMTt,Because You're Here
12,ピノキオピー,6ew2fyKNLCyl6fvigOYqIT,五臓六腑 -Opening- Live from 五臓六腑 Tour 2019 at Tokyo
13,ピノキオピー,0uCgH3145GlNgPXoqRVyDQ,GOZOU-ROPPU -Opening- Live from Gozou-Roppu Tour 2019 at Tokyo
14,ピノキオピー,1XxTDehNakndUguLbuZuZP,Onion+
15,ピノキオピー,76dfZ3SSdsadtIaAWPfcUd,玉葱+
16,ピノキオピー,2Xp1Bp2N5ikzCr8krqro9z,ぼくらはみんな意味不明
17,ピノキオピー,4gHBIsnHqHyXerbTwnsObs,Nobody Makes Sense
18,ピノキオピー,0Q4dHIghx1WMyVFvgtxC9G,増殖する今村
19,ピノキオピー,1qtMZTctqKJ54dBvGws5o4,Floating Shelter
20,ピノキオピー,0bkpFDu8j021nkGENhnjGu,ニッポンの夜明け
21,ピノキオピー,3Gsfo1r1Lg4RpTXdSZI7aA,The Dawn of Japan
22,ピノキオピー,1S34O3CJDZR7ozIWf72dVD,東京マヌカン
23,ピノキオピー,28kBTYGebermEJk8AaoYEA,Tokyo Mannequin
24,ピノキオピー,3MhOjiSOspJg701Nbn7yst,しぼう
25,ピノキオピー,5YI3LorPhLd2C8m9H96n39,SHI-BOU
26,ピノキオピー,5uKDhqanJGRS0MxP95OUIJ,elf
27,ピノキオピー,6Cxzd8UyB28Grofsy17tfF,ありふれたせかいせいふく feat.初音ミク
28,ピノキオピー,1A0k6cjkrCxH3Hx7Awb2G2,Common World Domination
29,ピノキオピー,75CK9cVGOjcYv1EQIrdYWw,ぼくとわたしと少年少女
30,ピノキオピー,1MHZTDZWLzXUSIICvATqiU,あかんぼ
31,ピノキオピー,5ALRT96oaGuX7VHySBLbQu,神っぽいな
32,ピノキオピー,206UWNKXURTnN4zf9vmXUV,God-ish
33,ピノキオピー,5blgKDJ31u2C27jOcya3k9,ノンブレス・オブリージュ
34,ピノキオピー,5LAec0974S9ZJ4WmNbgRyv,Non-breath oblige
35,ピノキオピー,3LwvhfpgLdWazQYafa7Hgx,リアルにぶっとばす
36,ピノキオピー,47npt2SJCMb8oBhQPRJ03S,KICK-ASS *LITERALLY
37,ピノキオピー,5Lsdr0kU6beWlXns5yRzfT,アルティメットセンパイ
38,ピノキオピー,7xJpjQiwjmkUnI4RfJaKKA,Ultimate Senpai
39,ピノキオピー,7qSVfUEcl5kss37l82WFR5,シークレットひみつ
40,ピノキオピー,2MTSMQeKXM7ALhVbqhaAQV,Secret HIMITSU
41,ピノキオピー,5FfeACKKpcA97rdPUMSsiC,恋の恋による恋のための恋
42,ピノキオピー,5xI0vHcSK8LbiAWRTMiPaF,Love of Love by Love for Love
43,ピノキオピー,322a8OKJJEV5z5B5CeeopR,フランケンX - 煮ル果実×はるまきごはん
44,ピノキオピー,0HXF53eMwo6c447AMXHNyv,Franken X - NILFRUITS×HarumakiGohan
45,ピノキオピー,5DleLwnXjO8IewChZCkfKM,Goodbyes
46,ピノキオピー,5kIJ8CygeL9Pvrnnms4uAm,VILLAIN - TYPE A - Inst
47,ピノキオピー,0389acA9tXT1H9NsFGy2H4,Towa no Kizuna
48,ピノキオピー,4H60Q9asWMDDmrGAqKwk1m,その群青が愛しかったようだった
49,ピノキオピー,6bsyhnJVzufAXHdPNd8nEc,Sonogunjyogaitoshikattayoudatta
50,ピノキオピー,4HzYTgDjiox7jqUDbyqyKI,Yuudachi No Ribbon
51,ピノキオピー,349yaDtmQJqtVRxeDuU4nj,Noushou Sakuretsu Girl
52,ピノキオピー,4MIZk82F1SbtbazraqGU3P,Risky Game
53,ピノキオピー,4qkGMo6bzCrva5p57zPVqB,Go! Shichi! Go!
54,ピノキオピー,2UKfp1D6OSw0VqPlrc03Uc,Inori
55,ピノキオピー,1NVeZUA3VG5DA7mCytSMI6,カゲロウデイズ -初音ミク「マジカルミライ 2014」Live-
56,ピノキオピー,2tLW8Mh0fLfLxkxA6X4OBP,Waltz of Knives
58,ピノキオピー,2er4Xsi8iZndpaQfFv5uwT,Sekishinsei: Kamatoto Araryouji
59,ピノキオピー,0iC0K1CyGivvOjd18ROAPz,Tokyo Pleasure Ground -Prologue-
61,ピノキオピー,5Yl7eeSyfRN4lzSSZ9LQKx,Yuurei Yashiki No Kubitsuri Shoujo
62,ピノキオピー,6zRy76eGbHVHoNoN4OI0eF,Shuukan Shounen Bye Bye
63,ピノキオピー,1w4FobAfT4OCt75K2oqPAM,ヴィデオ ボーイ
64,ピノキオピー,1PwbT9iIsAjHlY2eaGi8OM,永久のキズナ - feat. Another Infinity
65,ピノキオピー,5rgUZ20J7agHqfG8f0sIYH,リスキーゲーム (feat. nero)
66,ピノキオピー,2oXhDMrYlA1qAXulJvBZbB,inori
67,DECO*27,7fgqQbv9E5Ho3dn5nwLTIv,ネオネオン
68,DECO*27,7rWkiqvAKhQEmlGDCOSGUK,Reunion
69,DECO*27,25iCOwt6ix0AJfKZbyo5ZG,1+1=1
70,DECO*27,0IEl6PAxLIueFQp08vq07B,ゴーストルール
71,DECO*27,1OAp6qN5KmoGUQ2edICKsC,Ghost Rule
72,DECO*27,3NgUFrDBCFaALlH0wRVWV9,ストリーミングハート
73,DECO*27,28DyuhrsEP2mBlAVSTJPBg,Streaming Heart
74,DECO*27,0ntGI5BvQz33jEwqmd2DjG,Ai Kotoba Hatsune Remastered Version
75,DECO*27,0lH5qyuRNxlMoIyz3Hqhnr,愛言葉 Remastered Version
76,DECO*27,7p3D0PT2z6B1pBSmTAOOP9,エゴママ
77,DECO*27,1XHVdU3JiXsRgXpFAcxY7Y,Egomama
78,DECO*27,6BsSzYOza6t64Xhkp60r9x,entee
79,DECO*27,2UYiIcOWcGhAnJ6iTZmvzN,相愛性理論
80,DECO*27,1hxtrGB3gGu5e8nbZXmsxy,Sou Ai Sei Ri Ron
81,DECO*27,40Eef1JCHRiD2tZF41UO3K,リズム
82,DECO*27,5fRV7LbEAWHhQip59ay9XS,Rhythm
83,DECO*27,6RZ6vRkRLb67cRZwmpASK7,モザイクロール - Reloaded
84,DECO*27,7eIsjFkqGBVoj351Mhw1n5,Mozaik Role - Reloaded
85,DECO*27,6LjModNOXH1xFIJZiwOOW1,シンデレラ
86,DECO*27,2VQTv451NVoiw9wQUNN3vz,Cinderella
87,DECO*27,4w6pRjxADgVVK3Rzteic9X,おじゃま虫Ⅱ
88,DECO*27,3a21EhOZocM4hPmJU0Kf1q,StickybugⅡ
90,DECO*27,1Iq6qHJ935T6fzoxE6VPBF,UNDERCOVER
91,DECO*27,4UJumCACD12BFuYsvHkeW6,needLe
92,DECO*27,4kjsQH60Pdq8cjfIkBwMfj,セカイ
93,DECO*27,1rbgRVagbu7inMFUxOM1Bl,SEKAI
94,DECO*27,5W1cgZrH79rbALPgEE5x2Y,ヴァンパイア - TeddyLoid Remix
95,DECO*27,5JTpBM6ogvVYqmYx8cQKbG,The Vampire - TeddyLoid Remix
96,DECO*27,0m9QPTZzjtqCWY9Jg8poHc,ヴァンパイア
97,DECO*27,5Atjzvg5qZcWZhXwZkHqPO,The Vampire
98,DECO*27,4ePVGemybJHVITcbVANgJv,ハートインパルス
99,DECO*27,5D5uOm09slnAdj7SCmMytl,Heart Impulse
100,DECO*27,4Aizpr6xKAmqoC1NCaHX2V,アンデッドアリス
101,DECO*27,10zwyEggdeJMmLng7BtxAk,ポジティブ・パレード
102,DECO*27,37ADgU61LA67XwgBFBo4Hp,ネガティブ進化論
103,DECO*27,3wmmuJJ1G9Ykkhp3NAqk8u,39
104,DECO*27,6yNgzFcbViiwTCPCrJsgME,ちょべりGood Time
105,DECO*27,46D8EBlEB7m4BcvWPjIoJl,ゆめゆめ
106,DECO*27,05ReuhxWC85vxG530BGty7,Yumeyume
107,DECO*27,6uuMff1XvwRwWt77eUEQlA,ライトラグ
108,DECO*27,6SZFGXZ0SOWIMXsBfNH3WP,Light Lag
109,DECO*27,7oABl034j8CKuxx9pzV4Hx,Intro
110,DECO*27,4UW9iPyzZGslnxRMXXdcgB,モザイクロール
111,DECO*27,6UslA9s7ZVOgkSgddK5at2,Amekigoe Zankyou
113,DECO*27,73nJrpJOjbMVXmtJa0aIwU,Invitation
114,DECO*27,1OTTvAqG95Y1LRZnbpwHMX,無限∞ブランノワール
115,DECO*27,0DfXt1CmROqHaWURUtPqkz,Critical Line
116,DECO*27,0n0IREhD9DoA4N0paq9zfi,Mosaic Roll
117,DECO*27,4NmqOww0EXpxRR5xoOvGla,CRITICAL LINE
118,DECO*27,1260gHINaEWEzDHsXNtd7D,Project Diva desu. -MIKUNOPOLIS in LOS ANGELES Live-
119,鬱P,1pTsprvpz5ZIxoVQrqY87i,RENAISSANCE
120,鬱P,61h5b9EVrcZWg1Fnc1DC88,骸Attack!!
121,鬱P,0kKrt9JdBFTgcDxPQwxxXm,ガラパゴスで悪いか
122,鬱P,3l9Zlzy4fWOwgCAMWi1OPi,Constipation Of Death
123,鬱P,3iP1HTfzulJPuhEasnV6md,終のファンタジー
124,鬱P,5qxMb5szdiLESRHx0ozryP,MOKSHA (emancipation)
125,鬱P,206AyPQnDvQGBRHdnVXkue,ぽいずん☆あっぷる
126,鬱P,6z8HYX9as3LhByjjMi91IR,OGRE (feat. 初音ミク)
127,鬱P,1v309UvoRN8YJL5v6JIKA3,ぬる (feat. 初音ミク)
128,鬱P,2GXSCSG33aw1acvT5BA0YW,デスロウ (feat. 初音ミク)
129,鬱P,2PLxK9KtfEbf54gu0NcWW2,映えない (feat. 初音ミク)
130,鬱P,4qNQqrrclel1VJw48LVyIq,ダブルラリアット [Double Bass Drum Remix 2021]
131,鬱P,5FDpyZ8q24ct5pSjMC7W3m,CR独特な世界観
132,鬱P,24fs0IRpQ1galRnNklDal9,ダイベン
133,鬱P,1Jbr23IEgiaaonSL96FYqG,ドール
134,鬱P,2kwV5cGgDgfaS7zUXu4d0X,クロクロクロ (feat. 初音ミク)
135,鬱P,6pF6UZZxthtwhzj5B5hZFw,Sweetie×2
136,鬱P,27A02gfuMkOPK96DEj2da4,Bunretsu Hakai
137,鬱P,6q9jcHjqxTy2ME7JIk7Kex,Marionette Syndrome
138,鬱P,3fnpxnqOdFdTLCmrcVJNav,Lent
140,鬱P,2tMbq87SRDbKtbn4QN1BnX,Matryoshka
142,鬱P,2w93x8jn2LrqObvLt2GT0P,分裂→破壊
143,ひとしずく×やま△,7yDnRKqAHr8Qq8KOuDI3CI,からくり卍ばーすと
144,ひとしずく×やま△,53Z89I9h1Vh6mSA31cyxoE,Intermezzo
145,ひとしずく×やま△,0rN7gIbtz54jfstqf05NpT,Villains
146,ひとしずく×やま△,5o7azetE7zoTVtYvgq0EHz,Heroes
147,ひとしずく×やま△,5kQLjucNW1SCjk5bXIFZrq,VersuS
148,ひとしずく×やま△,5JH4qPc1oqUYIiLS92AxUo,愛欲のプリズナー
149,ひとしずく×やま△,4Zk1U4dvGfOdjnp4N8VSG8,海賊Fの肖像
150,ひとしずく×やま△,3xowDYJoDEKoPs3Rp2qwvh,蝶々円舞曲(Instrumental)
151,ひとしずく×やま△,5QTOKbubQqHJJXCYPnQHjL,優等生シンドローム
152,ひとしずく×やま△,2wJwwdKDSaMqhltJgaI0gu,Prologue
153,ひとしずく×やま△,0AauI5YWNSGV4cG6fo77Ky,イカサマ⇔カジノ
154,ひとしずく×やま△,6PlGmFoYblLrQVizhTY9T9,DreamenD
155,ひとしずく×やま△,4AkAAbZIiu0k2RDNMCKd0l,雨乞い唄
156,ひとしずく×やま△,2PLjCZqcSXAHEc4kvWz8NB,Welcome to the Mirror Sound's Kingdom
157,ひとしずく×やま△,7Lz2xAD6xqvvQdNmlocHpM,天翔学園歌唱コンテスト・開演前(ドラマパート)
158,おてつ！,4pkU3iTOmtJTdfA3YxkdLI,Sight (feat. 巡音ルカ)
159,おてつ！,4QVDof5LZRRAG0XuQyHvVu,甘苦い中毒 (feat. メグッポイド)
160,おてつ！,7lr4XLXNmeUi3F0ZmpGAUK,蔓延る毒 (feat. 巡音ルカ)
161,おてつ！,3cEpgZJjNqepQE5PZGYB06,Stomach (feat. 巡音ルカ)
162,おてつ！,1Y0Y40eamKcanZl3OraedL,罪喰らい (feat. 巡音ルカ)
163,おてつ！,00RKLT5kI6olaNt6YdR1SI,memento (feat. 巡音ルカ)
164,おてつ！,1GZDGG94lumHyq8WAEKRj3,産声 (feat. 巡音ルカ)
165,おてつ！,1FiyatcIIbegwgaDtpjEM8,ナイトアンドデイ (feat. 巡音ルカ)
166,おてつ！,6psTfRlGhKp7N5zklseBkY,種 (feat. 巡音ルカ)
167,おてつ！,6NsPd2s1TQXryUadIfIbci,core (feat. 巡音ルカ)
168,おてつ！,2kw4I5KsBq0Go2TnWC0IVu,hole (feat. 巡音ルカ)
169,おてつ！,4dj5oVmnXIewEIO3dgiA9n,才溢れ、欠落者 (feat. 巡音ルカ)
170,おてつ！,3PaVt4uePedYLCpz5cAFJS,カーニバル (feat. メグッポイド)
171,おてつ！,1RpFFgtxsHdjAjojvk2Ds7,Implosion (feat. メグッポイド)
172,おてつ！,1FcgAZ0BzDW3zOJJxehKHQ,飴と鎖 (feat. 巡音ルカ)
173,おてつ！,3FrDmfLHSLzes2UFhjcJvb,shell (feat. 巡音ルカ)
174,おてつ！,27JamYGrJAyvCfKYnFQuba,星屑ユートピア (feat. 巡音ルカ)
175,おてつ！,54pFXXSzorYR1IqepcfmPx,Existence (feat. 初音ミク)
176,おてつ！,6xLAjpzeZJihXF7MMoKfpb,幻想と羅針盤 (feat. 巡音ルカ)
177,おてつ！,70noGcmRZuCCNXYiJzc9WQ,ご覧、蒔いた種が花を咲かせた。期待通りの汚い花。 (feat. メグッポイド)
178,おてつ！,3kiiJ6jRIxpW8pBH8E4K6A,かげ (feat. メグッポイド)
179,おてつ！,6bEq04fqcgaJJoRuxWpHQf,Bottom out (feat. 巡音ルカ)
180,おてつ！,0GSuuk6Wb74ZvEpM7UoDYG,棚引く厭世爍かす程 (feat. 巡音ルカ)
181,おてつ！,4wwmyfC6ITvDbuUQfANx4S,空を泳いだ (feat. 巡音ルカ)
182,おてつ！,3Hn1EuDgc2IJxAR1n6KrCm,mud (feat. 巡音ルカ)
183,おてつ！,3kMfxOKntJ6BGg2lPXFsn4,ゆりかご (feat. 巡音ルカ)
184,おてつ！,6FGELG5OOGX7TUl6ZDPNiR,Feb.14 (feat. 巡音ルカ)
185,おてつ！,49IXzWAyXRSTMg3EggRLgO,生温く真紅い歪な果実、蜜を啜るのは飽きたから腐る前に残さず食べましょう。仮に愛せなくても。 (feat. 巡音ルカ)
186,おてつ！,1y67Ahr7Jp8NIv2SNiEkkB,Child's Garden (feat. 巡音ルカ)
187,おてつ！,4VleaQYzRH1fwqczFrFtG6,No answer (feat. 初音ミク)
188,おてつ！,12x2miBE1WeBT1JtzuKG0T,R‐18
189,おてつ！,4CGpLWSGIVNMvDWnSGZH5A,曇天ノ陰ニ
190,おてつ！,7n1ApffKThmV3QMpxR7sI7,牢獄のアドニス
191,おてつ！,7FmWJPzkixBeEeAOMtz5D8,Password
192,おてつ！,5ofrl0WwTBXNwjFm3wFyVD,無気力クーデター
193,おてつ！,1LouBSfx0X2T9rG9nqIBNM,Mukiryoku Coup D'Etat
194,おてつ！,4EeBRzYA18HH542KSbu42m,Yukueshirezu
195,おてつ！,3WuLSTNZekTPOvT8cLumYl,夢幻
197,おてつ！,2y2d0ZsNRJyBXJyZgcFSrR,Nekomimi Archive
199,おてつ！,7JNAeIepXdnX9Mn9iXm1Rb,会いたい feat.GUMI
200,おてつ！,1zrdnNAhHgiSJhEZwtMkoZ,Aitai
201,おてつ！,1BQSaUe9UWVFCtBytt9Gqb,Panda Hero
202,おてつ！,133G16q0PlTU7Rtz4vX3iD,Shiryoku Kensa
203,おてつ！,4krxXeyVrCztH4jvQpSn6I,秘密
204,みきとP,5hb5WjhSbmcxS3kn9NhLmy,DAISAN GENERATION - instrumental
205,みきとP,53egsiDBuYbbLBsUp0N3TD,きゅりあす
206,みきとP,1ucFdA1sd721g0AQVaOWOk,Curious
207,みきとP,5RGN9g2fmRHZ1wKXDncsFc,Matoi
208,みきとP,7CYbgdYJSF6iW8RroB2iEL,まとい
209,みきとP,11nVjpdqH7MNGvHggfVgAj,僕は初音ミクとキスをした feat.初音ミク
210,みきとP,6rYPewChz5RxuR3CMb4Nch,Boku wa Hatsune Miku to Kiss wo Shita
211,みきとP,2DgJBxTNKHANaZHclYAOn8,Right Here
212,みきとP,5atWugCk7zJrLPBJK9HMO4,だいよげん
213,みきとP,1cxCWc560U5dpwwQgbayUw,Daiyogen
214,みきとP,3a7UHFFlRYbaNMhsKtjNOq,I meets You!!
215,みきとP,0biIYYmzDOQwnEoxP3HXRI,Sister
216,みきとP,5CmqZDTS14IBg75gLoJDrm,Green Shower
217,みきとP,5gg5YQXGfinMeRbLy8IPob,少女ふぜゐ -Vocaloid Ver.
218,みきとP,1n0LA1QAHpacUjex16F9qC,ShojoFuzei -Vocaloid Ver.
219,みきとP,11NoD6DdxrVB8LGUSIzadp,39みゅーじっく!
220,みきとP,7DZrnvfd78FMJgPYa8FSEy,39 Music!
221,みきとP,2rCiNdJ6gCrvh9t4xOdn69,Hoi
222,みきとP,1fwLlfE6z5cHDuecNVLwJN,Home Party
223,みきとP,5eMVIl45efHHWVBqWXGvKf,いるか Starlight
224,みきとP,1v85DEPThAYrnadB5rvxKf,さよならはきえない
225,みきとP,0KJkUdaMukR3KX7z6zXFiP,ガールズインターハイ
226,みきとP,68fJ0xVk0YZ3YoJ0W3dfhE,あのこサーティースリー
227,みきとP,4pWEB2yPT5TXakZuaVNl0C,Ano-Ko Thirty-Three
228,みきとP,4X0QJAUUAFm6FmbUPBnA5M,いーあるふぁんくらぶ
229,みきとP,1BGm7gk2RIPQK39aCSt25z,I-aru Fan Club
230,みきとP,6YVUUZJSL5oM4IaMn2bbS7,セツナトリップ
231,みきとP,7i43CCAo4XpPLpWIjNmvU9,PaⅢ.SENSATION
232,みきとP,1TSrrItT7f5UHSgmTvG1DM,ドリドリ
233,みきとP,62ShitQxzIYosdFdj0qDWI,mrcl -Instrumental-
234,みきとP,0W0k3DEaPeoIs6VUFnkBcd,Cradle
235,みきとP,670LjVtP9VnoSJNg7RkbIS,"千本桜-かめりあ's ""KAIKASENGEN"" Remix-"
236,みきとP,0HUYFkOqWTCDryHdrlavQR,Yoshiwara Lament
237,みきとP,5gXMnHXLo34tSzPIexjdwS,吉原ラメント
239,みきとP,33SuVhLebnwGQmmoOEmIGJ,Rokuchounen To Ichiya Monogatari
240,みきとP,5PsNhzz0tDs8uH5tv31Bar,E? Aa Sou.
241,みきとP,3qnpt7Uj8hdpYgcwxjNJy3,Tsukiyo -Tsukiakari-
242,みきとP,040yRWelfTq7QvjoBQOGP0,Rimokon
243,みきとP,5yBlmg23Yo6F7CS5eoI2FC,Start
244,みきとP,6UpBfIyf1PUBEjDpOTVrqR,Setsuna Trip
245,みきとP,0bJfa9sMbkzGv56DCF3OnA,Amanojaku
246,みきとP,3GITLiQKpHt2p1TKLMuxiz,Tenshou Gakuen Kashou Contest Kaienmae (Drama Part)
247,みきとP,5gA9ahUy7333wJAKRq91nd,Echo
248,みきとP,1wtKWV06P1nfsff9I0SkUj,Kazemachi Hello World
249,みきとP,19yuvEzgijFGPUche7htzH,アスノヨゾラ哨戒班
250,みきとP,4kufrZ5kqK04ahLG1PnCEF,放課後ストライド (feat. 山本希望)
251,みきとP,5up9K8Mwd9xOe0F87hsFN4,威風堂々 (feat. 竜之介)
252,みきとP,1lqQETXQHQEsFP1R4wffX0,風待ちハローワールド
258,みきとP,6VRz7t4E9ltmJQrgLH9CzZ,Rebirth feat.GUMI
259,みきとP,4H6RTq25xBatH6Q308PuTK,MEET YOUR ONLY WORLD feat.みちゃおん
260,みきとP,27s1BfNshA9RfGmMUDxCb4,アルビノ
262,みきとP,7jaQvGUDUaBKbfPb6Vdmu0,夜光列車
263,みきとP,7HCoRI7N1jUVyjI0Fosb9D,GOING 2 DANCE
264,みきとP,1fmXLFg2iSPnJ3Y164VWVm,Invisible
265,みきとP,1c7mMtVGahwvxfkD9Hnprh,Meet Your Only World
266,みきとP,5AfsS0zErCwGhzjoleuNy2,Lost One No Goukoku
267,みきとP,2NKOei0WaSTHaAIMkALMR3,Senbonzakura
268,みきとP,2N8MGGasDx16wYbUA78B93,Rebirth
269,みきとP,2EdnELPd7xWRx8t5PHn8e4,スレイプニル -sleipnir-
271,みきとP,4YyZ1wiAg3nw4tkXFckbfU,心臓デモクラシー
272,みきとP,32lUSf9qjdX9mc9oSNePtm,Sleipnir
273,みきとP,0ibSLidctqstQfsnQ20I4V,Glow
274,40mP,61puKQoNVRblpL4OSAugwj,ハイスペックニート
275,40mP,0VSh9LC4dhQtZBrm5173BA,High Spec Neet
276,40mP,2j6sZ4lgjmvlv61KPD2ZiA,プロローグ
277,40mP,2y3nswubKE8mqR7QLLzc9V,Going My Way!
278,40mP,6GDNXQUiJ6sXcQeuI6m5zf,Life size
279,40mP,0RZzT4KaEfeNVS9GZzNDou,Horn
280,40mP,1Mx6Rc6lqcvKxHbLWTF332,ツノ
281,40mP,2pr7ldCnLyzQzjud6ynLyD,SHAKER
282,40mP,3g3xdcNJTv8UPbcKWIl8c1,だんだん早くなる
283,40mP,1lzkEvcvfXiykqGJjgfY34,Dan dan hayaku naru
284,40mP,0QsJu7vxrxu653sU20ePIw,Snow Fairy Story (オーケストラ ver.)
285,40mP,2AHyjL9b3uQG6OfngKC1d6,キミボシ
286,40mP,5IcH5fmyfb0iXahLLJfiPs,キリトリセン (feat.GUMI)
287,40mP,0fIrJSSeKhu9JJju5hJ8N1,シリョクケンサ (feat.GUMI)
288,40mP,1DWhekPbkZUzh42WkLSCWb,夢地図 (feat.GUMI)
289,40mP,6fSitQcpmOBXLkJeftx2l7,空は二度燃える
290,40mP,71KqeJFzFspgENeJINQ8g2,Soraha Nidomoeru
291,40mP,5uocYhfaXKVOIKXa2w4040,Fire Flower
292,40mP,0qW7otQTw6qSCVm6jCbnJj,Aria
293,40mP,60aLn0y6OmlMMartG9einY,Aa Subarashiki Nyansei
294,40mP,1UFDMXNDXgWP9nakVJ9r1M,Soar -Overdrive-
295,40mP,4koGCRbL1cgDtuaAWTt20C,S-P-B Ryu Special Non Stop Mega-Mix
296,40mP,4FBTYid7owP2ugBFQ5DEwM,Sky
297,40mP,4TU2q0sb0Nm3wx5pVxDken,Just Be Friends - Piano Ver.
298,40mP,0jFH4l9e8cQmn2UB8xSADN,Delta
299,40mP,24nyFi877RLcGpXbRYU0Dw,Berry
300,40mP,4H5t5wdT0TGIW9Rd8sLgdb,Connecting
301,40mP,2mbwdN6MItaax2XnqWb5lF,千本桜 -MIKU EXPO 2014 in INDONESIA Live-
302,40mP,4pHJxE8ZJeE01yzBm47Xux,夢地図
303,40mP,4sDwn6Lw51fLZM3opZTXLI,Dream map(Yume Chizu)
304,40mP,317mVkx7AyGaTdCzMk5Akm,キャラメル
305,40mP,6bpqF4aPdTiBdQG3FJcdRE,Caramel
306,40mP,1h8wPYHIuhrO1q52ph7VXb,地球最後の告白を feat.GUMI
307,40mP,4uecFMPq5p3XPrwT6PfEme,Glitter (Starving Trancer Remix) feat.Another Infinity
308,40mP,16yZ7tSmI1ZX5cnu4ryJfV,白い雪のプリンセスは
310,40mP,0afSduWztLk9ko6grenzWE,Chikyuu Saigo No Kokuhaku Wo
312,40mP,02K36eI7cdfi6HgfMEwBIS,Promenade
313,40mP,4PSE5EUEKTraroHIwX3dO4,さんぽみち
314,40mP,2Eu4XyJqftsDHoHfPwlu2W,シリョクケンサ
315,40mP,2zqO0Z0Pu4M0NaCEkDGBTD,天ノ弱 feat.GUMI
316,40mP,4hXZHe4WGyQPJ6QrwSvqeh,Delta feat. Mayumi Morinaga
317,40mP,5sDF8Hwx1V64El0vGRhPZL,S・K・Y (feat. こまん)
318,40mP,7rIMfHJwYPt4oYyy6N9psF,Eager Believer
319,40mP,5IypRmQXRPC8sZWMYwUnR6,イーガービリーバー
320,40mP,3v6Vs86gmxquxrflWIqnnN,Karagenki Utatta
321,40mP,2ZKkVUslIxyfEIO4yGWQSc,S-P-B Ryu☆ SPECIAL NON STOP MEGA-MIX
322,40mP,4Ra3HWkrwsa49YAI21y3wC,ARiA
323,ナユタン星人,15ksdxC9Gaexd6GsEHtWgc,猫猫的宇宙論
324,ナユタン星人,351ZqQzCtOzN9Exn2Lo8ZU,Cosmology of NyanNyan
325,ナユタン星人,1rrEiOzH6M9qlY0EmYWHac,ユーフォーユーフォー
326,ナユタン星人,6WyTQ76nKwpab4czrlJrTC,エイリアンエイリアン
327,ナユタン星人,2KMzLn44EAFssUbHpctsCF,Alien Alien
328,ナユタン星人,2zzC835utqJmVFFZsbWd0u,アンドロメダアンドロメダ
329,ナユタン星人,5nuGtvthyXbwrBloU0pEGN,Andromeda Andromeda
330,ナユタン星人,2ByITjPkK6tOYsJTqzFKre,ひみつのユーフォー
331,ナユタン星人,4novzGs1VNPqxeIlwFabJE,Secret UFO
332,ナユタン星人,1cg1yUmSw8hV4JnZFB8I9d,銀河電燈
333,ナユタン星人,1rSbVZmlJXXuas7NXrKUsF,Galaxy Lightway
334,ナユタン星人,3GJ7Js5uZlrYvtZp3FCVtt,いにしえロマンティック
335,ナユタン星人,3WRRPcBar0bC9btz1Znd9x,Ancient Romantic
336,ナユタン星人,5xZhG2mazqD1QrO2S8W4tk,学園スペーシー
337,ナユタン星人,1oUHcOHat6eYlBwdcobt0l,School Spacey
338,ナユタン星人,49JwOBHS75ExzeNbm26jRQ,halo
339,ナユタン星人,7mzT4nSOs335TWzIVrRarX,水色侵略
340,ナユタン星人,4ia2DWjHfu7qBLgVm0g5aq,Light Blue Invasion
341,ナユタン星人,4HY1rnSE1Teg4hpon69NK6,大宇宙ランデブー
342,ナユタン星人,739pXFk4H0j6rlup2l2wwh,Great Cosmic Rendezvous
343,ナユタン星人,1zSbHQZvDSzfsTcNTVpNcH,サイファイエクスタシー
344,ナユタン星人,6jQpqyWaUqSeL1Te35BbDl,Sci-Fi Ecstasy
345,ナユタン星人,6X9LJtqsPbwQFFutM1XJkb,藍と極星 - Vocaloid ver.
346,ナユタン星人,6y2kG8COEIEDB5uqsB1Q6c,Indigo and Polar Star - Vocaloid ver.
347,ナユタン星人,1n1w9DZmt8UcZPaODP7lxT,ならばおさらば
348,ナユタン星人,7I2OpU6JCY3K73KYW8pWMC,コズミックメロンソーダマジックラブ
349,Neru,2d4wuhUgICLJT7da8Bipag,CYNICISM is(instrumental)
350,Neru,0k6S71Qc4oKox0YVF2AWXh,世界を壊している
351,Neru,6m5Rk67linNHu66VBK434T,東京テディベア
352,Neru,04dx3YNEtVOnd1j3dEHXo9,0ptimi2er
353,Neru,7otQgFs9iy2pX16TZx9qUb,0verf1ow
354,Neru,7J0OxzjQMtH7vKpm0u94Qk,Tiempo
355,Neru,6ZFFbUDB3lpTIAB3o7aAl2,Black Side Vol.4 (Códigos de Rua)
356,Neru,1wAxEUFgbxev73Ib6FBJcw,歌の棲む家~メゾン初音~
357,Neru,577zaoVejGXsjiieowCvWQ,Bokura No Saishuu Teiri
359,Neru,3rhyADCEi8XayXoLR0Lkfv,America ~We Are All Right!~
360,Neru,4sGbkxTW64fRlh9WdwfFsg,Genjitsuteki Ronrishugisha
361,Neru,7mSu1OhDrRwa0rdv7NtiTQ,Shinzou Democracy
362,れるりり,3wJgfgsDlYmnRV329mbxmq,脳漿炸裂ガール
363,れるりり,2NQoH4WRfKHsidEtecIdYV,羞恥心に殺される
364,れるりり,2KmLFElbLVFqCSqhU9wZvV,厨病激発ボーイ
365,れるりり,5U9V9waYHhfhqPvSHRYs1O,ゼロ距離恋愛
366,れるりり,2H6Tet0rvynY7En4eZ8fX2,アイカ
367,れるりり,4RoewCOCQeKrGT9ralcF1a,Aika
368,れるりり,5Us8WaUDWy7yU5uI4Rsuhz,反芻シ考
369,れるりり,1nnbfSFl8krnxpmxp8SYuU,Rumination thinking
370,れるりり,5VWGyipWZ2hI29SGHXQuwi,To the Moon and Back
371,れるりり,3Ihw9dUCollBvcOIqyByx1,Knife
372,れるりり,0AxYFrPUvx26zl8NhlNpXh,いくつもの夜を越えて
373,れるりり,55kNljwSCgRSZG9Ul16agP,いつもより泣き虫な空
374,れるりり,5xslf27KuFFiidVkyxSzw2,スペシャルガール(feat.鳴花ヒメ・ミコト)
375,れるりり,3FflDrypgt2NKSd5y3YjZG,Magic Melody
376,れるりり,1k3PSGLepJzqDyuzmrdI8L,ずっとだよ
377,れるりり,5qAPs5sYULfaEqF9YAZunw,Fairy-taled
378,ユリイ・カノン,01GYgafE1zDKgQ4p7UspxF,人間らしい
379,ユリイ・カノン,5EogkPdqUGBKStfiqiMYWb,遊園都市ベロニカ
380,ユリイ・カノン,0y1zujG7p1wOPb5syApgge,対象x
381,ユリイ・カノン,0ClST60bxh2OrqIYxpS2wy,少女地獄
382,オワタP,42pmw9ZkcJOI2lb7pDCJJB,こもりうた
383,オワタP,3jEOqlEYD0xe0mcsfVRFPY,偽りの世界
384,オワタP,5Z6qWBYU5Mor6ZcKr24QmQ,弱音博覧会
385,オワタP,6Kwch51GIinpmfcBi28LqD,私はここに。
386,オワタP,66tZTqhEMobjJWz9HSAIev,トルエン
387,オワタP,6vWuvCWVKKvnGCKzM3hAXa,火葬曲_reject
388,オワタP,5jbnvUuLBgkBCOVHWo3wS0,ベンゼン
389,オワタP,6eEBiLGhOvRCXkSpq9OZMs,ニトロベンゼン
390,オワタP,5FqQdEZB90L85Zt3Pat1B2,そこに無いなら無いですね
391,オワタP,4AZgXAxWOGQaICYmbDSRXZ,かみサマなのな
392,オワタP,44Lib67StiJflQKLjSe98j,欲望解放24時
