artist_name,track_id,track_name
Kanaira,7BU5WMDf3OL69FrkRBdTya,ヒトリユラリ
Kanaira,1CQ2OTb1x5M3UyCwbGHnXD,EYE
Kanaira,7vgV4fH2MbMH9rrcfkCOIz,MIRA
Kanaira,7rPKtXBW35rSQH1i6QAvyk,ENVY BABY
Kanaira,02vOyaNCKGX8uhjggOIH83,エンヴィーベイビー
Kanaira,2TAA9e8dXBST241xlKBKYO,ヒトリユラリ - MARETU REMIX
Kanaira,5lojBXokpBOfuTDly9Bksx,KING
Kanaira,5FRNHJQp1NkCX9PwCkGqd9,百鬼祭
ピノキオピー,5jIVIIZhffcaezvrNIFocX,ラヴィット
ピノキオピー,72hdS3iPYFo00AjgzThXU2,Loveit
ピノキオピー,4cAqmtzdIXnuh8ytxrZZik,愛されなくても君がいる
ピノキオピー,03TzER3qI6rcOjWQb6FMTt,Because You're Here
ピノキオピー,6ew2fyKNLCyl6fvigOYqIT,五臓六腑 -Opening- Live from 五臓六腑 Tour 2019 at Tokyo
ピノキオピー,0uCgH3145GlNgPXoqRVyDQ,GOZOU-ROPPU -Opening- Live from Gozou-Roppu Tour 2019 at Tokyo
ピノキオピー,1XxTDehNakndUguLbuZuZP,Onion+
ピノキオピー,76dfZ3SSdsadtIaAWPfcUd,玉葱+
ピノキオピー,2Xp1Bp2N5ikzCr8krqro9z,ぼくらはみんな意味不明
ピノキオピー,4gHBIsnHqHyXerbTwnsObs,Nobody Makes Sense
ピノキオピー,0Q4dHIghx1WMyVFvgtxC9G,増殖する今村
ピノキオピー,1qtMZTctqKJ54dBvGws5o4,Floating Shelter
ピノキオピー,0bkpFDu8j021nkGENhnjGu,ニッポンの夜明け
ピノキオピー,3Gsfo1r1Lg4RpTXdSZI7aA,The Dawn of Japan
ピノキオピー,1S34O3CJDZR7ozIWf72dVD,東京マヌカン
ピノキオピー,28kBTYGebermEJk8AaoYEA,Tokyo Mannequin
ピノキオピー,3MhOjiSOspJg701Nbn7yst,しぼう
ピノキオピー,5YI3LorPhLd2C8m9H96n39,SHI-BOU
ピノキオピー,5uKDhqanJGRS0MxP95OUIJ,elf
ピノキオピー,6Cxzd8UyB28Grofsy17tfF,ありふれたせかいせいふく feat.初音ミク
ピノキオピー,1A0k6cjkrCxH3Hx7Awb2G2,Common World Domination
ピノキオピー,75CK9cVGOjcYv1EQIrdYWw,ぼくとわたしと少年少女
ピノキオピー,1MHZTDZWLzXUSIICvATqiU,あかんぼ
ピノキオピー,5ALRT96oaGuX7VHySBLbQu,神っぽいな
ピノキオピー,206UWNKXURTnN4zf9vmXUV,God-ish
ピノキオピー,5blgKDJ31u2C27jOcya3k9,ノンブレス・オブリージュ
ピノキオピー,5LAec0974S9ZJ4WmNbgRyv,Non-breath oblige
ピノキオピー,3LwvhfpgLdWazQYafa7Hgx,リアルにぶっとばす
ピノキオピー,47npt2SJCMb8oBhQPRJ03S,KICK-ASS *LITERALLY
ピノキオピー,5Lsdr0kU6beWlXns5yRzfT,アルティメットセンパイ
ピノキオピー,7xJpjQiwjmkUnI4RfJaKKA,Ultimate Senpai
ピノキオピー,7qSVfUEcl5kss37l82WFR5,シークレットひみつ
ピノキオピー,2MTSMQeKXM7ALhVbqhaAQV,Secret HIMITSU
ピノキオピー,5FfeACKKpcA97rdPUMSsiC,恋の恋による恋のための恋
ピノキオピー,5xI0vHcSK8LbiAWRTMiPaF,Love of Love by Love for Love
ピノキオピー,322a8OKJJEV5z5B5CeeopR,フランケンX - 煮ル果実×はるまきごはん
ピノキオピー,0HXF53eMwo6c447AMXHNyv,Franken X - NILFRUITS×HarumakiGohan
ピノキオピー,5DleLwnXjO8IewChZCkfKM,Goodbyes
ピノキオピー,5kIJ8CygeL9Pvrnnms4uAm,VILLAIN - TYPE A - Inst
ピノキオピー,0389acA9tXT1H9NsFGy2H4,Towa no Kizuna
ピノキオピー,4H60Q9asWMDDmrGAqKwk1m,その群青が愛しかったようだった
ピノキオピー,6bsyhnJVzufAXHdPNd8nEc,Sonogunjyogaitoshikattayoudatta
ピノキオピー,4HzYTgDjiox7jqUDbyqyKI,Yuudachi No Ribbon
ピノキオピー,349yaDtmQJqtVRxeDuU4nj,Noushou Sakuretsu Girl
ピノキオピー,4MIZk82F1SbtbazraqGU3P,Risky Game
ピノキオピー,4qkGMo6bzCrva5p57zPVqB,Go! Shichi! Go!
ピノキオピー,2UKfp1D6OSw0VqPlrc03Uc,Inori
ピノキオピー,1NVeZUA3VG5DA7mCytSMI6,カゲロウデイズ -初音ミク「マジカルミライ 2014」Live-
ピノキオピー,2tLW8Mh0fLfLxkxA6X4OBP,Waltz of Knives
ピノキオピー,2er4Xsi8iZndpaQfFv5uwT,Sekishinsei: Kamatoto Araryouji
ピノキオピー,0iC0K1CyGivvOjd18ROAPz,Tokyo Pleasure Ground -Prologue-
ピノキオピー,5Yl7eeSyfRN4lzSSZ9LQKx,Yuurei Yashiki No Kubitsuri Shoujo
ピノキオピー,6zRy76eGbHVHoNoN4OI0eF,Shuukan Shounen Bye Bye
ピノキオピー,1w4FobAfT4OCt75K2oqPAM,ヴィデオ ボーイ
ピノキオピー,1PwbT9iIsAjHlY2eaGi8OM,永久のキズナ - feat. Another Infinity
ピノキオピー,5rgUZ20J7agHqfG8f0sIYH,リスキーゲーム (feat. nero)
ピノキオピー,2oXhDMrYlA1qAXulJvBZbB,inori
DECO*27,7fgqQbv9E5Ho3dn5nwLTIv,ネオネオン
DECO*27,7rWkiqvAKhQEmlGDCOSGUK,Reunion
DECO*27,25iCOwt6ix0AJfKZbyo5ZG,1+1=1
DECO*27,0IEl6PAxLIueFQp08vq07B,ゴーストルール
DECO*27,1OAp6qN5KmoGUQ2edICKsC,Ghost Rule
DECO*27,3NgUFrDBCFaALlH0wRVWV9,ストリーミングハート
DECO*27,28DyuhrsEP2mBlAVSTJPBg,Streaming Heart
DECO*27,0ntGI5BvQz33jEwqmd2DjG,Ai Kotoba Hatsune Remastered Version
DECO*27,0lH5qyuRNxlMoIyz3Hqhnr,愛言葉 Remastered Version
DECO*27,7p3D0PT2z6B1pBSmTAOOP9,エゴママ
DECO*27,1XHVdU3JiXsRgXpFAcxY7Y,Egomama
DECO*27,6BsSzYOza6t64Xhkp60r9x,entee
DECO*27,2UYiIcOWcGhAnJ6iTZmvzN,相愛性理論
DECO*27,1hxtrGB3gGu5e8nbZXmsxy,Sou Ai Sei Ri Ron
DECO*27,40Eef1JCHRiD2tZF41UO3K,リズム
DECO*27,5fRV7LbEAWHhQip59ay9XS,Rhythm
DECO*27,6RZ6vRkRLb67cRZwmpASK7,モザイクロール - Reloaded
DECO*27,7eIsjFkqGBVoj351Mhw1n5,Mozaik Role - Reloaded
DECO*27,6LjModNOXH1xFIJZiwOOW1,シンデレラ
DECO*27,2VQTv451NVoiw9wQUNN3vz,Cinderella
DECO*27,4w6pRjxADgVVK3Rzteic9X,おじゃま虫Ⅱ
DECO*27,3a21EhOZocM4hPmJU0Kf1q,StickybugⅡ
DECO*27,1Iq6qHJ935T6fzoxE6VPBF,UNDERCOVER
DECO*27,4UJumCACD12BFuYsvHkeW6,needLe
DECO*27,4kjsQH60Pdq8cjfIkBwMfj,セカイ
DECO*27,1rbgRVagbu7inMFUxOM1Bl,SEKAI
DECO*27,5W1cgZrH79rbALPgEE5x2Y,ヴァンパイア - TeddyLoid Remix
DECO*27,5JTpBM6ogvVYqmYx8cQKbG,The Vampire - TeddyLoid Remix
DECO*27,0m9QPTZzjtqCWY9Jg8poHc,ヴァンパイア
DECO*27,5Atjzvg5qZcWZhXwZkHqPO,The Vampire
DECO*27,4ePVGemybJHVITcbVANgJv,ハートインパルス
DECO*27,5D5uOm09slnAdj7SCmMytl,Heart Impulse
DECO*27,4Aizpr6xKAmqoC1NCaHX2V,アンデッドアリス
DECO*27,10zwyEggdeJMmLng7BtxAk,ポジティブ・パレード
DECO*27,37ADgU61LA67XwgBFBo4Hp,ネガティブ進化論
DECO*27,3wmmuJJ1G9Ykkhp3NAqk8u,39
DECO*27,6yNgzFcbViiwTCPCrJsgME,ちょべりGood Time
DECO*27,46D8EBlEB7m4BcvWPjIoJl,ゆめゆめ
DECO*27,05ReuhxWC85vxG530BGty7,Yumeyume
DECO*27,6uuMff1XvwRwWt77eUEQlA,ライトラグ
DECO*27,6SZFGXZ0SOWIMXsBfNH3WP,Light Lag
DECO*27,7oABl034j8CKuxx9pzV4Hx,Intro
DECO*27,4UW9iPyzZGslnxRMXXdcgB,モザイクロール
DECO*27,6UslA9s7ZVOgkSgddK5at2,Amekigoe Zankyou
DECO*27,73nJrpJOjbMVXmtJa0aIwU,Invitation
DECO*27,1OTTvAqG95Y1LRZnbpwHMX,無限∞ブランノワール
DECO*27,0DfXt1CmROqHaWURUtPqkz,Critical Line
DECO*27,0n0IREhD9DoA4N0paq9zfi,Mosaic Roll
DECO*27,4NmqOww0EXpxRR5xoOvGla,CRITICAL LINE
DECO*27,1260gHINaEWEzDHsXNtd7D,Project Diva desu. -MIKUNOPOLIS in LOS ANGELES Live-
鬱P,1pTsprvpz5ZIxoVQrqY87i,RENAISSANCE
鬱P,61h5b9EVrcZWg1Fnc1DC88,骸Attack!!
鬱P,0kKrt9JdBFTgcDxPQwxxXm,ガラパゴスで悪いか
鬱P,3l9Zlzy4fWOwgCAMWi1OPi,Constipation Of Death
鬱P,3iP1HTfzulJPuhEasnV6md,終のファンタジー
鬱P,5qxMb5szdiLESRHx0ozryP,MOKSHA (emancipation)
鬱P,206AyPQnDvQGBRHdnVXkue,ぽいずん☆あっぷる
鬱P,6z8HYX9as3LhByjjMi91IR,OGRE (feat. 初音ミク)
鬱P,1v309UvoRN8YJL5v6JIKA3,ぬる (feat. 初音ミク)
鬱P,2GXSCSG33aw1acvT5BA0YW,デスロウ (feat. 初音ミク)
鬱P,2PLxK9KtfEbf54gu0NcWW2,映えない (feat. 初音ミク)
鬱P,4qNQqrrclel1VJw48LVyIq,ダブルラリアット [Double Bass Drum Remix 2021]
鬱P,5FDpyZ8q24ct5pSjMC7W3m,CR独特な世界観
鬱P,24fs0IRpQ1galRnNklDal9,ダイベン
鬱P,1Jbr23IEgiaaonSL96FYqG,ドール
鬱P,2kwV5cGgDgfaS7zUXu4d0X,クロクロクロ (feat. 初音ミク)
鬱P,6pF6UZZxthtwhzj5B5hZFw,Sweetie×2
鬱P,27A02gfuMkOPK96DEj2da4,Bunretsu Hakai
鬱P,6q9jcHjqxTy2ME7JIk7Kex,Marionette Syndrome
鬱P,3fnpxnqOdFdTLCmrcVJNav,Lent
鬱P,2tMbq87SRDbKtbn4QN1BnX,Matryoshka
鬱P,2w93x8jn2LrqObvLt2GT0P,分裂→破壊
ひとしずく×やま△,7yDnRKqAHr8Qq8KOuDI3CI,からくり卍ばーすと
ひとしずく×やま△,53Z89I9h1Vh6mSA31cyxoE,Intermezzo
ひとしずく×やま△,0rN7gIbtz54jfstqf05NpT,Villains
ひとしずく×やま△,5o7azetE7zoTVtYvgq0EHz,Heroes
ひとしずく×やま△,5kQLjucNW1SCjk5bXIFZrq,VersuS
ひとしずく×やま△,5JH4qPc1oqUYIiLS92AxUo,愛欲のプリズナー
ひとしずく×やま△,4Zk1U4dvGfOdjnp4N8VSG8,海賊Fの肖像
ひとしずく×やま△,3xowDYJoDEKoPs3Rp2qwvh,蝶々円舞曲(Instrumental)
ひとしずく×やま△,5QTOKbubQqHJJXCYPnQHjL,優等生シンドローム
ひとしずく×やま△,2wJwwdKDSaMqhltJgaI0gu,Prologue
ひとしずく×やま△,0AauI5YWNSGV4cG6fo77Ky,イカサマ⇔カジノ
ひとしずく×やま△,6PlGmFoYblLrQVizhTY9T9,DreamenD
ひとしずく×やま△,4AkAAbZIiu0k2RDNMCKd0l,雨乞い唄
ひとしずく×やま△,2PLjCZqcSXAHEc4kvWz8NB,Welcome to the Mirror Sound's Kingdom
ひとしずく×やま△,7Lz2xAD6xqvvQdNmlocHpM,天翔学園歌唱コンテスト・開演前(ドラマパート)
おてつ！,4pkU3iTOmtJTdfA3YxkdLI,Sight (feat. 巡音ルカ)
おてつ！,4QVDof5LZRRAG0XuQyHvVu,甘苦い中毒 (feat. メグッポイド)
おてつ！,7lr4XLXNmeUi3F0ZmpGAUK,蔓延る毒 (feat. 巡音ルカ)
おてつ！,3cEpgZJjNqepQE5PZGYB06,Stomach (feat. 巡音ルカ)
おてつ！,1Y0Y40eamKcanZl3OraedL,罪喰らい (feat. 巡音ルカ)
おてつ！,00RKLT5kI6olaNt6YdR1SI,memento (feat. 巡音ルカ)
おてつ！,1GZDGG94lumHyq8WAEKRj3,産声 (feat. 巡音ルカ)
おてつ！,1FiyatcIIbegwgaDtpjEM8,ナイトアンドデイ (feat. 巡音ルカ)
おてつ！,6psTfRlGhKp7N5zklseBkY,種 (feat. 巡音ルカ)
おてつ！,6NsPd2s1TQXryUadIfIbci,core (feat. 巡音ルカ)
おてつ！,2kw4I5KsBq0Go2TnWC0IVu,hole (feat. 巡音ルカ)
おてつ！,4dj5oVmnXIewEIO3dgiA9n,才溢れ、欠落者 (feat. 巡音ルカ)
おてつ！,3PaVt4uePedYLCpz5cAFJS,カーニバル (feat. メグッポイド)
おてつ！,1RpFFgtxsHdjAjojvk2Ds7,Implosion (feat. メグッポイド)
おてつ！,1FcgAZ0BzDW3zOJJxehKHQ,飴と鎖 (feat. 巡音ルカ)
おてつ！,3FrDmfLHSLzes2UFhjcJvb,shell (feat. 巡音ルカ)
おてつ！,27JamYGrJAyvCfKYnFQuba,星屑ユートピア (feat. 巡音ルカ)
おてつ！,54pFXXSzorYR1IqepcfmPx,Existence (feat. 初音ミク)
おてつ！,6xLAjpzeZJihXF7MMoKfpb,幻想と羅針盤 (feat. 巡音ルカ)
おてつ！,70noGcmRZuCCNXYiJzc9WQ,ご覧、蒔いた種が花を咲かせた。期待通りの汚い花。 (feat. メグッポイド)
おてつ！,3kiiJ6jRIxpW8pBH8E4K6A,かげ (feat. メグッポイド)
おてつ！,6bEq04fqcgaJJoRuxWpHQf,Bottom out (feat. 巡音ルカ)
おてつ！,0GSuuk6Wb74ZvEpM7UoDYG,棚引く厭世爍かす程 (feat. 巡音ルカ)
おてつ！,4wwmyfC6ITvDbuUQfANx4S,空を泳いだ (feat. 巡音ルカ)
おてつ！,3Hn1EuDgc2IJxAR1n6KrCm,mud (feat. 巡音ルカ)
おてつ！,3kMfxOKntJ6BGg2lPXFsn4,ゆりかご (feat. 巡音ルカ)
おてつ！,6FGELG5OOGX7TUl6ZDPNiR,Feb.14 (feat. 巡音ルカ)
おてつ！,49IXzWAyXRSTMg3EggRLgO,生温く真紅い歪な果実、蜜を啜るのは飽きたから腐る前に残さず食べましょう。仮に愛せなくても。 (feat. 巡音ルカ)
おてつ！,1y67Ahr7Jp8NIv2SNiEkkB,Child's Garden (feat. 巡音ルカ)
おてつ！,4VleaQYzRH1fwqczFrFtG6,No answer (feat. 初音ミク)
おてつ！,12x2miBE1WeBT1JtzuKG0T,R‐18
おてつ！,4CGpLWSGIVNMvDWnSGZH5A,曇天ノ陰ニ
おてつ！,7n1ApffKThmV3QMpxR7sI7,牢獄のアドニス
おてつ！,7FmWJPzkixBeEeAOMtz5D8,Password
おてつ！,5ofrl0WwTBXNwjFm3wFyVD,無気力クーデター
おてつ！,1LouBSfx0X2T9rG9nqIBNM,Mukiryoku Coup D'Etat
おてつ！,4EeBRzYA18HH542KSbu42m,Yukueshirezu
おてつ！,3WuLSTNZekTPOvT8cLumYl,夢幻
おてつ！,2y2d0ZsNRJyBXJyZgcFSrR,Nekomimi Archive
おてつ！,7JNAeIepXdnX9Mn9iXm1Rb,会いたい feat.GUMI
おてつ！,1zrdnNAhHgiSJhEZwtMkoZ,Aitai
おてつ！,1BQSaUe9UWVFCtBytt9Gqb,Panda Hero
おてつ！,133G16q0PlTU7Rtz4vX3iD,Shiryoku Kensa
おてつ！,4krxXeyVrCztH4jvQpSn6I,秘密
みきとP,5hb5WjhSbmcxS3kn9NhLmy,DAISAN GENERATION - instrumental
みきとP,53egsiDBuYbbLBsUp0N3TD,きゅりあす
みきとP,1ucFdA1sd721g0AQVaOWOk,Curious
みきとP,5RGN9g2fmRHZ1wKXDncsFc,Matoi
みきとP,7CYbgdYJSF6iW8RroB2iEL,まとい
みきとP,11nVjpdqH7MNGvHggfVgAj,僕は初音ミクとキスをした feat.初音ミク
みきとP,6rYPewChz5RxuR3CMb4Nch,Boku wa Hatsune Miku to Kiss wo Shita
みきとP,2DgJBxTNKHANaZHclYAOn8,Right Here
みきとP,5atWugCk7zJrLPBJK9HMO4,だいよげん
みきとP,1cxCWc560U5dpwwQgbayUw,Daiyogen
みきとP,3a7UHFFlRYbaNMhsKtjNOq,I meets You!!
みきとP,0biIYYmzDOQwnEoxP3HXRI,Sister
みきとP,5CmqZDTS14IBg75gLoJDrm,Green Shower
みきとP,5gg5YQXGfinMeRbLy8IPob,少女ふぜゐ -Vocaloid Ver.
みきとP,1n0LA1QAHpacUjex16F9qC,ShojoFuzei -Vocaloid Ver.
みきとP,11NoD6DdxrVB8LGUSIzadp,39みゅーじっく!
みきとP,7DZrnvfd78FMJgPYa8FSEy,39 Music!
みきとP,2rCiNdJ6gCrvh9t4xOdn69,Hoi
みきとP,1fwLlfE6z5cHDuecNVLwJN,Home Party
みきとP,5eMVIl45efHHWVBqWXGvKf,いるか Starlight
みきとP,1v85DEPThAYrnadB5rvxKf,さよならはきえない
みきとP,0KJkUdaMukR3KX7z6zXFiP,ガールズインターハイ
みきとP,68fJ0xVk0YZ3YoJ0W3dfhE,あのこサーティースリー
みきとP,4pWEB2yPT5TXakZuaVNl0C,Ano-Ko Thirty-Three
みきとP,4X0QJAUUAFm6FmbUPBnA5M,いーあるふぁんくらぶ
みきとP,1BGm7gk2RIPQK39aCSt25z,I-aru Fan Club
みきとP,6YVUUZJSL5oM4IaMn2bbS7,セツナトリップ
みきとP,7i43CCAo4XpPLpWIjNmvU9,PaⅢ.SENSATION
みきとP,1TSrrItT7f5UHSgmTvG1DM,ドリドリ
みきとP,62ShitQxzIYosdFdj0qDWI,mrcl -Instrumental-
みきとP,0W0k3DEaPeoIs6VUFnkBcd,Cradle
みきとP,670LjVtP9VnoSJNg7RkbIS,"千本桜-かめりあ's ""KAIKASENGEN"" Remix-"
みきとP,0HUYFkOqWTCDryHdrlavQR,Yoshiwara Lament
みきとP,5gXMnHXLo34tSzPIexjdwS,吉原ラメント
みきとP,33SuVhLebnwGQmmoOEmIGJ,Rokuchounen To Ichiya Monogatari
みきとP,5PsNhzz0tDs8uH5tv31Bar,E? Aa Sou.
みきとP,3qnpt7Uj8hdpYgcwxjNJy3,Tsukiyo -Tsukiakari-
みきとP,040yRWelfTq7QvjoBQOGP0,Rimokon
みきとP,5yBlmg23Yo6F7CS5eoI2FC,Start
みきとP,6UpBfIyf1PUBEjDpOTVrqR,Setsuna Trip
みきとP,0bJfa9sMbkzGv56DCF3OnA,Amanojaku
みきとP,3GITLiQKpHt2p1TKLMuxiz,Tenshou Gakuen Kashou Contest Kaienmae (Drama Part)
みきとP,5gA9ahUy7333wJAKRq91nd,Echo
みきとP,1wtKWV06P1nfsff9I0SkUj,Kazemachi Hello World
みきとP,19yuvEzgijFGPUche7htzH,アスノヨゾラ哨戒班
みきとP,4kufrZ5kqK04ahLG1PnCEF,放課後ストライド (feat. 山本希望)
みきとP,5up9K8Mwd9xOe0F87hsFN4,威風堂々 (feat. 竜之介)
みきとP,1lqQETXQHQEsFP1R4wffX0,風待ちハローワールド
みきとP,6VRz7t4E9ltmJQrgLH9CzZ,Rebirth feat.GUMI
みきとP,4H6RTq25xBatH6Q308PuTK,MEET YOUR ONLY WORLD feat.みちゃおん
みきとP,27s1BfNshA9RfGmMUDxCb4,アルビノ
みきとP,7jaQvGUDUaBKbfPb6Vdmu0,夜光列車
みきとP,7HCoRI7N1jUVyjI0Fosb9D,GOING 2 DANCE
みきとP,1fmXLFg2iSPnJ3Y164VWVm,Invisible
みきとP,1c7mMtVGahwvxfkD9Hnprh,Meet Your Only World
みきとP,5AfsS0zErCwGhzjoleuNy2,Lost One No Goukoku
みきとP,2NKOei0WaSTHaAIMkALMR3,Senbonzakura
みきとP,2N8MGGasDx16wYbUA78B93,Rebirth
みきとP,2EdnELPd7xWRx8t5PHn8e4,スレイプニル -sleipnir-
みきとP,4YyZ1wiAg3nw4tkXFckbfU,心臓デモクラシー
みきとP,32lUSf9qjdX9mc9oSNePtm,Sleipnir
みきとP,0ibSLidctqstQfsnQ20I4V,Glow
40mP,61puKQoNVRblpL4OSAugwj,ハイスペックニート
40mP,0VSh9LC4dhQtZBrm5173BA,High Spec Neet
40mP,2j6sZ4lgjmvlv61KPD2ZiA,プロローグ
40mP,2y3nswubKE8mqR7QLLzc9V,Going My Way!
40mP,6GDNXQUiJ6sXcQeuI6m5zf,Life size
40mP,0RZzT4KaEfeNVS9GZzNDou,Horn
40mP,1Mx6Rc6lqcvKxHbLWTF332,ツノ
40mP,2pr7ldCnLyzQzjud6ynLyD,SHAKER
40mP,3g3xdcNJTv8UPbcKWIl8c1,だんだん早くなる
40mP,1lzkEvcvfXiykqGJjgfY34,Dan dan hayaku naru
40mP,0QsJu7vxrxu653sU20ePIw,Snow Fairy Story (オーケストラ ver.)
40mP,2AHyjL9b3uQG6OfngKC1d6,キミボシ
40mP,5IcH5fmyfb0iXahLLJfiPs,キリトリセン (feat.GUMI)
40mP,0fIrJSSeKhu9JJju5hJ8N1,シリョクケンサ (feat.GUMI)
40mP,1DWhekPbkZUzh42WkLSCWb,夢地図 (feat.GUMI)
40mP,6fSitQcpmOBXLkJeftx2l7,空は二度燃える
40mP,71KqeJFzFspgENeJINQ8g2,Soraha Nidomoeru
40mP,5uocYhfaXKVOIKXa2w4040,Fire Flower
40mP,0qW7otQTw6qSCVm6jCbnJj,Aria
40mP,60aLn0y6OmlMMartG9einY,Aa Subarashiki Nyansei
40mP,1UFDMXNDXgWP9nakVJ9r1M,Soar -Overdrive-
40mP,4koGCRbL1cgDtuaAWTt20C,S-P-B Ryu Special Non Stop Mega-Mix
40mP,4FBTYid7owP2ugBFQ5DEwM,Sky
40mP,4TU2q0sb0Nm3wx5pVxDken,Just Be Friends - Piano Ver.
40mP,0jFH4l9e8cQmn2UB8xSADN,Delta
40mP,24nyFi877RLcGpXbRYU0Dw,Berry
40mP,4H5t5wdT0TGIW9Rd8sLgdb,Connecting
40mP,2mbwdN6MItaax2XnqWb5lF,千本桜 -MIKU EXPO 2014 in INDONESIA Live-
40mP,4pHJxE8ZJeE01yzBm47Xux,夢地図
40mP,4sDwn6Lw51fLZM3opZTXLI,Dream map(Yume Chizu)
40mP,317mVkx7AyGaTdCzMk5Akm,キャラメル
40mP,6bpqF4aPdTiBdQG3FJcdRE,Caramel
40mP,1h8wPYHIuhrO1q52ph7VXb,地球最後の告白を feat.GUMI
40mP,4uecFMPq5p3XPrwT6PfEme,Glitter (Starving Trancer Remix) feat.Another Infinity
40mP,16yZ7tSmI1ZX5cnu4ryJfV,白い雪のプリンセスは
40mP,0afSduWztLk9ko6grenzWE,Chikyuu Saigo No Kokuhaku Wo
40mP,02K36eI7cdfi6HgfMEwBIS,Promenade
40mP,4PSE5EUEKTraroHIwX3dO4,さんぽみち
40mP,2Eu4XyJqftsDHoHfPwlu2W,シリョクケンサ
40mP,2zqO0Z0Pu4M0NaCEkDGBTD,天ノ弱 feat.GUMI
40mP,4hXZHe4WGyQPJ6QrwSvqeh,Delta feat. Mayumi Morinaga
40mP,5sDF8Hwx1V64El0vGRhPZL,S・K・Y (feat. こまん)
40mP,7rIMfHJwYPt4oYyy6N9psF,Eager Believer
40mP,5IypRmQXRPC8sZWMYwUnR6,イーガービリーバー
40mP,3v6Vs86gmxquxrflWIqnnN,Karagenki Utatta
40mP,2ZKkVUslIxyfEIO4yGWQSc,S-P-B Ryu☆ SPECIAL NON STOP MEGA-MIX
40mP,4Ra3HWkrwsa49YAI21y3wC,ARiA
ナユタン星人,15ksdxC9Gaexd6GsEHtWgc,猫猫的宇宙論
ナユタン星人,351ZqQzCtOzN9Exn2Lo8ZU,Cosmology of NyanNyan
ナユタン星人,1rrEiOzH6M9qlY0EmYWHac,ユーフォーユーフォー
ナユタン星人,6WyTQ76nKwpab4czrlJrTC,エイリアンエイリアン
ナユタン星人,2KMzLn44EAFssUbHpctsCF,Alien Alien
ナユタン星人,2zzC835utqJmVFFZsbWd0u,アンドロメダアンドロメダ
ナユタン星人,5nuGtvthyXbwrBloU0pEGN,Andromeda Andromeda
ナユタン星人,2ByITjPkK6tOYsJTqzFKre,ひみつのユーフォー
ナユタン星人,4novzGs1VNPqxeIlwFabJE,Secret UFO
ナユタン星人,1cg1yUmSw8hV4JnZFB8I9d,銀河電燈
ナユタン星人,1rSbVZmlJXXuas7NXrKUsF,Galaxy Lightway
ナユタン星人,3GJ7Js5uZlrYvtZp3FCVtt,いにしえロマンティック
ナユタン星人,3WRRPcBar0bC9btz1Znd9x,Ancient Romantic
ナユタン星人,5xZhG2mazqD1QrO2S8W4tk,学園スペーシー
ナユタン星人,1oUHcOHat6eYlBwdcobt0l,School Spacey
ナユタン星人,49JwOBHS75ExzeNbm26jRQ,halo
ナユタン星人,7mzT4nSOs335TWzIVrRarX,水色侵略
ナユタン星人,4ia2DWjHfu7qBLgVm0g5aq,Light Blue Invasion
ナユタン星人,4HY1rnSE1Teg4hpon69NK6,大宇宙ランデブー
ナユタン星人,739pXFk4H0j6rlup2l2wwh,Great Cosmic Rendezvous
ナユタン星人,1zSbHQZvDSzfsTcNTVpNcH,サイファイエクスタシー
ナユタン星人,6jQpqyWaUqSeL1Te35BbDl,Sci-Fi Ecstasy
ナユタン星人,6X9LJtqsPbwQFFutM1XJkb,藍と極星 - Vocaloid ver.
ナユタン星人,6y2kG8COEIEDB5uqsB1Q6c,Indigo and Polar Star - Vocaloid ver.
ナユタン星人,1n1w9DZmt8UcZPaODP7lxT,ならばおさらば
ナユタン星人,7I2OpU6JCY3K73KYW8pWMC,コズミックメロンソーダマジックラブ
Neru,2d4wuhUgICLJT7da8Bipag,CYNICISM is(instrumental)
Neru,0k6S71Qc4oKox0YVF2AWXh,世界を壊している
Neru,6m5Rk67linNHu66VBK434T,東京テディベア
Neru,04dx3YNEtVOnd1j3dEHXo9,0ptimi2er
Neru,7otQgFs9iy2pX16TZx9qUb,0verf1ow
Neru,7J0OxzjQMtH7vKpm0u94Qk,Tiempo
Neru,6ZFFbUDB3lpTIAB3o7aAl2,Black Side Vol.4 (Códigos de Rua)
Neru,1wAxEUFgbxev73Ib6FBJcw,歌の棲む家~メゾン初音~
Neru,577zaoVejGXsjiieowCvWQ,Bokura No Saishuu Teiri
Neru,3rhyADCEi8XayXoLR0Lkfv,America ~We Are All Right!~
Neru,4sGbkxTW64fRlh9WdwfFsg,Genjitsuteki Ronrishugisha
Neru,7mSu1OhDrRwa0rdv7NtiTQ,Shinzou Democracy
れるりり,3wJgfgsDlYmnRV329mbxmq,脳漿炸裂ガール
れるりり,2NQoH4WRfKHsidEtecIdYV,羞恥心に殺される
れるりり,2KmLFElbLVFqCSqhU9wZvV,厨病激発ボーイ
れるりり,5U9V9waYHhfhqPvSHRYs1O,ゼロ距離恋愛
れるりり,2H6Tet0rvynY7En4eZ8fX2,アイカ
れるりり,4RoewCOCQeKrGT9ralcF1a,Aika
れるりり,5Us8WaUDWy7yU5uI4Rsuhz,反芻シ考
れるりり,1nnbfSFl8krnxpmxp8SYuU,Rumination thinking
れるりり,5VWGyipWZ2hI29SGHXQuwi,To the Moon and Back
れるりり,3Ihw9dUCollBvcOIqyByx1,Knife
れるりり,0AxYFrPUvx26zl8NhlNpXh,いくつもの夜を越えて
れるりり,55kNljwSCgRSZG9Ul16agP,いつもより泣き虫な空
れるりり,5xslf27KuFFiidVkyxSzw2,スペシャルガール(feat.鳴花ヒメ・ミコト)
れるりり,3FflDrypgt2NKSd5y3YjZG,Magic Melody
れるりり,1k3PSGLepJzqDyuzmrdI8L,ずっとだよ
れるりり,5qAPs5sYULfaEqF9YAZunw,Fairy-taled
ユリイ・カノン,01GYgafE1zDKgQ4p7UspxF,人間らしい
ユリイ・カノン,5EogkPdqUGBKStfiqiMYWb,遊園都市ベロニカ
ユリイ・カノン,0y1zujG7p1wOPb5syApgge,対象x
ユリイ・カノン,0ClST60bxh2OrqIYxpS2wy,少女地獄
オワタP,42pmw9ZkcJOI2lb7pDCJJB,こもりうた
オワタP,3jEOqlEYD0xe0mcsfVRFPY,偽りの世界
オワタP,5Z6qWBYU5Mor6ZcKr24QmQ,弱音博覧会
オワタP,6Kwch51GIinpmfcBi28LqD,私はここに。
オワタP,66tZTqhEMobjJWz9HSAIev,トルエン
オワタP,6vWuvCWVKKvnGCKzM3hAXa,火葬曲_reject
オワタP,5jbnvUuLBgkBCOVHWo3wS0,ベンゼン
オワタP,6eEBiLGhOvRCXkSpq9OZMs,ニトロベンゼン
オワタP,5FqQdEZB90L85Zt3Pat1B2,そこに無いなら無いですね
オワタP,4AZgXAxWOGQaICYmbDSRXZ,かみサマなのな
オワタP,44Lib67StiJflQKLjSe98j,欲望解放24時
ナナホシ管弦楽団,50FxRoO4616leJBGc8SX9X,抜錨
ナナホシ管弦楽団,3e1TWKhkeMCybyFjKvGZpv,カンケイナイトファンキー
ナナホシ管弦楽団,6yZMJJZQimHEgiG1CbucFx,デリヘル呼んだら君が来た - Original Ver.
ナナホシ管弦楽団,0FCTPVuotzxJFKDVqH7gYJ,IMAGINARY LIKE THE JUSTICE
ナナホシ管弦楽団,6YVUUZJSL5oM4IaMn2bbS7,セツナトリップ
ナナホシ管弦楽団,322kT9nvEyAe0mTb4fPpYH,Streaming Heart
ナナホシ管弦楽団,4qkGMo6bzCrva5p57zPVqB,Go! Shichi! Go!
ナナホシ管弦楽団,7wMC7IQrEmi0TBpMIw1JSv,心壁サチュレーション
ナナホシ管弦楽団,5B7QLGftrwiSICpaTjtjP9,神教⇒Exclamation!
ナナホシ管弦楽団,2OxYvlfi9IT7vqAGYKv7KY,America 〜We Are All Right!〜
ナナホシ管弦楽団,4EeBRzYA18HH542KSbu42m,Yukueshirezu
ナナホシ管弦楽団,2NKOei0WaSTHaAIMkALMR3,Senbonzakura
ナナホシ管弦楽団,5myPMVkUFHAUl5jtJzHoIk,Heisei Kataku Rhythm
ナナホシ管弦楽団,2EdnELPd7xWRx8t5PHn8e4,スレイプニル -sleipnir-
ナナホシ管弦楽団,1h8wPYHIuhrO1q52ph7VXb,地球最後の告白を feat.GUMI
ナナホシ管弦楽団,0afSduWztLk9ko6grenzWE,Chikyuu Saigo No Kokuhaku Wo
ナナホシ管弦楽団,32lUSf9qjdX9mc9oSNePtm,Sleipnir
ナナホシ管弦楽団,0ibSLidctqstQfsnQ20I4V,Glow
かいりきベア,6MJFNhbXbqXCbHP24yLltO,ダーリンダンス
かいりきベア,32cvZTXsJi4EzkvVDMH4Ij,DARLING DANCE
かいりきベア,5kIJ8CygeL9Pvrnnms4uAm,VILLAIN - TYPE A - Inst
かいりきベア,7qMGxOAKWPnX2S5l3wNae0,#NAME?
かいりきベア,5shsEBLJpIDQip3cr6577N,#NAME?
かいりきベア,3OE5BWJEK1rWwyBVXSkTol,雨音に融け込む傷跡のエンドロール - Inst
かいりきベア,6OuIFpef7xc3qmoW3Tl5Ti,ENDROLL OF SCAR THAT MELTS INTO THE RAIN SOUND - Inst
かいりきベア,528jwIBmbINxWCW53Q5KaK,Imitation Gallery - Gate Of Psychotropic
かいりきベア,4j7q9Rmt3Yr7Qh0YJt9q3x,IMITATION GALLERY -gate of psychotropic-
かいりきベア,30thmQbl9yqU8u7rZF8gDQ,カーニバルハッピー
かいりきベア,2prPAKtsiphQbIb2VuxvUH,CARNIVAL HAPPY
かいりきベア,2fy0XFkpdpRJmdQFMZgPX2,VITA
かいりきベア,5Sg3V0VivdFHzIIVMFMILu,ビータ
かいりきベア,4MavHYoEwp6gI75S2kO38O,ネロイズム(feat. 鳴花ミコト)
かいりきベア,0xVM7uV2apNSLsF6pPMMlR,ベノム
かいりきベア,4dmyaxEYHAjZyYoIJOGK1q,イナイイナイ依存症 - MARETU Remix
かいりきベア,6XUHEiHlFkE6yMriIZnP3c,DISAPPEARANCE ADDICTION - MARETU Remix
かいりきベア,1HZDkmuOxiUB4RgACPd6eB,ベノム(feat. flower)
かいりきベア,3XitEnW5uRuSeOmEZdV3Ml,メスト
かいりきベア,56CDTPwbrwNgm94oLZu9Dm,Mr.シャーデンフロイデ
かいりきベア,3zuf96yHzJwmCM3YymQGnU,Mr. Schadenfreude
かいりきベア,322a8OKJJEV5z5B5CeeopR,フランケンX - 煮ル果実×はるまきごはん
かいりきベア,0HXF53eMwo6c447AMXHNyv,Franken X - NILFRUITS×HarumakiGohan
かいりきベア,2kwV5cGgDgfaS7zUXu4d0X,クロクロクロ (feat. 初音ミク)
かいりきベア,4ZFTYvXeawOafe34lZfdhK,Invitation
かいりきベア,12eZZSf2JLBcOaxDBK9iUj,Introduction
かいりきベア,4LBlNzUMP8qLWHvOXwhlDt,Naked Echo
かいりきベア,5xslf27KuFFiidVkyxSzw2,スペシャルガール(feat.鳴花ヒメ・ミコト)
かいりきベア,42drkusB1JiTDW61bw7Yik,NAKED ECHO
かいりきベア,3qnpt7Uj8hdpYgcwxjNJy3,Tsukiyo -Tsukiakari-
ハチ,0vENG11oPsLk9PCCH28M7S,パンダヒーロー - ORIGINAL
ハチ,0VOin62IwFSb4KAH4lK9Vs,Persona Alice - ORIGINAL
ハチ,2RBQ84niVRC6bBdhe7lc9F,砂の惑星 feat.初音ミク
ハチ,6kwLcF9pDovUbmGOtHo4Ml,ドーナツホール
ハチ,0URdhmG0JqJTMf6RBt9O12,Ex Yame
ハチ,6vZJcvVxHNljIkQrOhAJCI,I wanna
ハチ,0ivuNLmGh8qSsRApXLFaes,Fade Away
ハチ,2mbwdN6MItaax2XnqWb5lF,千本桜 -MIKU EXPO 2014 in INDONESIA Live-
ハチ,2w93x8jn2LrqObvLt2GT0P,分裂→破壊
ハチ,1NuV7pOA3u2Jshagp0LUgY,R‐18
梅とら,65VI9MZUZIpNQJbGmNKmIp,威風堂々 - ver.D/D
梅とら,7azLS8aACqwWiGjAkuRfdx,赤ネ鳳
梅とら,1YxaHpX4cVQFjbDKAcCa02,AKANEAGEHA
梅とら,3RPDc25OvBL0XOn9FMkCGF,雷鳴
梅とら,02UdZR1uw2qD3RhpRMfsf7,SURVIVE
梅とら,0n7zpfxyFqalPSJcYA3puN,ANIMAる
梅とら,7uFWSw2AQrI9X3iaDLJmcP,ハイドランジア
梅とら,2pFJqVXsHoeaFncYv4Q52K,唯一、愛ノ詠
梅とら,7f04uVG4r7VveLbVGk05FJ,サクラソウ
梅とら,75EGAQg5gJhUz69GSYufBt,一心不乱
梅とら,670LjVtP9VnoSJNg7RkbIS,"千本桜-かめりあ's ""KAIKASENGEN"" Remix-"
梅とら,5uocYhfaXKVOIKXa2w4040,Fire Flower
梅とら,0aCJTjjeC2AzOi4hz7sUpv,Ifuudoudou
梅とら,5PsNhzz0tDs8uH5tv31Bar,E? Aa Sou.
梅とら,5yBlmg23Yo6F7CS5eoI2FC,Start
梅とら,0DfXt1CmROqHaWURUtPqkz,Critical Line
梅とら,4NmqOww0EXpxRR5xoOvGla,CRITICAL LINE
梅とら,5up9K8Mwd9xOe0F87hsFN4,威風堂々 (feat. 竜之介)
梅とら,3N1LwH2IITqRcBG8i0yU45,ソドムの黒炎
梅とら,4hW6qhxjOBy4XJ3Lo5puX3,青空ユメライン
梅とら,7FmWJPzkixBeEeAOMtz5D8,Password
梅とら,2gkJEcf1efMurw10r5qX2B,Setsuna Trip
TOKOTOKO（西沢さんP）,7w1qgL0BhgVTgojpe4Bkbe,SSR
TOKOTOKO（西沢さんP）,0Jit7FUpstUMd1BfPrG0vf,映画を見に行くよ
TOKOTOKO（西沢さんP）,28Nic1lfoNGk1Ja2ZpaqWQ,ポケットサイズ・ドラマチカリ
TOKOTOKO（西沢さんP）,2V5Rs9DHNyZGLtgqfD3CJK,迷子ライフ
TOKOTOKO（西沢さんP）,2LiAJgtMUtteQwGRCxzHAt,風来
TOKOTOKO（西沢さんP）,57GzEwJGXaSS1nCTcqcmEz,少年少女モラトリアムサヴァイヴ
TOKOTOKO（西沢さんP）,4NwsnbBq48sIwiT8R9RUMm,僕らの街に愛が降る夜だ
TOKOTOKO（西沢さんP）,3oZZkUDMS20JlUo7H03LCE,ハートビート・フロムユー
TOKOTOKO（西沢さんP）,0DFxt4HOP3FdhEl8mCNGKf,東京五月病
TOKOTOKO（西沢さんP）,01p4GxyzRdOKL8xLqWHJdL,格子の心臓
TOKOTOKO（西沢さんP）,3CblqdFVN4oTP72fEMqqYd,泣き虫アンサンブル
TOKOTOKO（西沢さんP）,7Fl9QE2XRMJos5tMWkQZKA,フルボリューム
TOKOTOKO（西沢さんP）,4UW9iPyzZGslnxRMXXdcgB,モザイクロール
TOKOTOKO（西沢さんP）,5gXMnHXLo34tSzPIexjdwS,吉原ラメント
TOKOTOKO（西沢さんP）,0s4WKMUo4DxTfxjQtwl3OO,しわ feat.GUMI
TOKOTOKO（西沢さんP）,7JNAeIepXdnX9Mn9iXm1Rb,会いたい feat.GUMI
黒うさP,70asqq99PKeE6oP4WzqThL,Once Upon a Time
黒うさP,5nvcwCiRhUMHPSSUZCUqbz,カンタレラ
黒うさP,38mUTswfszVFQ952r89AP8,千本桜
黒うさP,1rnEmMcOAdQckPj3mRDkmH,紅一葉
黒うさP,19yuvEzgijFGPUche7htzH,アスノヨゾラ哨戒班
黒うさP,7Lz2xAD6xqvvQdNmlocHpM,天翔学園歌唱コンテスト・開演前(ドラマパート)
黒うさP,4H6RTq25xBatH6Q308PuTK,MEET YOUR ONLY WORLD feat.みちゃおん
黒うさP,16yZ7tSmI1ZX5cnu4ryJfV,白い雪のプリンセスは
黒うさP,2Eu4XyJqftsDHoHfPwlu2W,シリョクケンサ
じん,4EwILMZX9gfgEavlBrw4ff,エバーユースロードショー - Instrumental
じん,7LrhQ2EWjjawLmGxv5Pd9J,Children Record
じん,7Fpx4adCn4L6NYTXcOjCXb,サマーエンドロール - Instrumental
じん,5fUglbsVi1RVnsT43sConv,Summer Endroll - Instrumental
じん,19oWLmbGHgVSD5aG87uUQJ,ロスタイムプロローグ
じん,6xmEd8u9sX6hGXTUsLKGCQ,Loss Time Prologue
じん,6c6fQ8k4yIUnLJEPy7zj3z,Kagerou Days
じん,275jqfRypMGVrEuT4hHCE6,LIVEDRIVE
じん,0i6lYXBMWFYhdoz5MUiKWR,ワールド・コーリング
じん,3bPyem8QIj4zksN8oXgcFJ,World Calling
じん,5ftD1tqLt4BiKTdlFD1ROw,後日譚
じん,7EgAQ88TKT5HHsYpRThUQc,チルドレンレコード - Re:boot
じん,2egIEVKrbtQzf52e4fCKGo,留在我身边
じん,1IYplqIjZf3tOVwYszKdFZ,99% - 快手特别版
じん,3qZ6lZMn1kM5LJQmJzAQFv,沦陷
じん,6TalR67wLu4rKy2MtIw3Wa,Eternal
じん,6Wei9QOAb1zKnRlu3VWjs4,Sine - Jin Remix
じん,2PaEuHAkQpypJ0mYvcbXw7,アディショナルメモリー
じん,3pqAA94pjtE7FwkzswTTVC,失想ワアド
じん,44JbtW7K96ZUIAF5hxckot,Last Summer - K Tobi Remix
じん,2Xyaa3v7KDlipynoEsb2g3,Xuan - Jin Remix
じん,1kqFlFwdyfNCCLwiz9LGjL,Live Drive
じん,5WwaA9IXHlpR57iKQ2TraY,Muốn Dụ Em Hay Gì - Remix
じん,7tKpyPnaf3cahdCE87LCxD,Song to Fly
じん,3rJ2v5CYE7j7Y6hUW9SuIw,Politics & Weed Smoke Vol 1
じん,0MJhVogR7iap8foGGJnDLC,Minimum manipulator
じん,51QZOyt9NYGCnMaR5s1AVa,T-Box
じん,2ddTJlFgVwOqYcprututjm,FAKE JAM
じん,5yIJrtzbXTo0cqSHP3USn0,マルシェ
じん,3WN1x6CIi74kxmJc3EKFCW,storyteller
じん,5e2ZmdrU2HcxHEse00jp4Y,ストーリーテラー
じん,0NG4R1s89O8xlNTYJN42Ia,Touch Me Softly (Feat. Chohye Jin)
じん,266NtEQt1rvaHDKuuMjgka,キミと散歩道
じん,1VHCmo9ly7f368QARGT3Cd,the promenade with you
じん,0PoYciOrI7qH0yHimbDmTg,Feel Me
じん,0BZNCMhi9KU8SUtN6C4yd4,Feel Me - Instrumental
じん,6gKzNvVjQrtMTH31fK7YoJ,BLOCK
じん,2Frdb6XBjjCRzWmgUnJJFf,Stay Gold
じん,3f0fEw40YXbDvq92iNhJ4Q,STAY GOLD
じん,7HGTgiDEWoD3SNslGqI06t,ミライ
じん,5FkTU7U7dBZEViEgGQNjbN,Mirai
じん,4SRaS9UER6YIr9fyINWtgD,Shooting Star
じん,1J8P5gi2rwToqVyBZyCuOr,Daze(Re Ver.)
じん,1NVeZUA3VG5DA7mCytSMI6,カゲロウデイズ -初音ミク「マジカルミライ 2014」Live-
じん,7HCoRI7N1jUVyjI0Fosb9D,GOING 2 DANCE
じん,3rhyADCEi8XayXoLR0Lkfv,America ~We Are All Right!~
じん,1JLi1LOHt6dDTiMrwejsd1,愛し君へ
じん,3xJxr0tv8ONfdU6RE8YiLU,Soul Parade
じん,0XtEFujXgTnIBNR86H9vNy,Be Alright
じん,4sGbkxTW64fRlh9WdwfFsg,Genjitsuteki Ronrishugisha
じん,29D9tPNqy1tVjvmETNfbp1,ONE WAY OUT
じん,5UblEQ3h6fxZP1JjKjX9nQ,ONE WAY OUT - (acappella)
じん,4pyW9YxEYvil4JHJYlq4Ij,Shining Days〜ドアの向こうには キミがいる〜
じん,6mu0c0iX9vPxMbyUMfqz1J,第三の男
じん,4sU6fgfbtz7uqmpTlYMzdq,a tomorrowsong
八王子P,5JhtK0W7aUuy2YPZbJzzsn,ACUTE feat. 初音ミク
八王子P,3TIfHgv7WTgKCOv0VYP8tM,Last Dance
八王子P,35Yfq3CvCxv9P4p10xHBh8,Enchanted
八王子P,1rwSeuu56m1DotFf1lGG41,Prologue
八王子P,2MZ86Pi0JyIE2hGnjuOqAb,Monochrome
八王子P,4u1MbSLblmjeUfIAQ1uSsH,It's show time!
八王子P,6ci1b6aaQDKaXw4YrTyWiz,Twinkle Starry Night(テレビ朝日系「お願い!ランキング」9月度OPテーマ)
八王子P,2gicVxq6egW6DOrR8idWNd,MARIN ECHO
八王子P,5wcagGyMtMzbhhmkFqthQS,Marine Bloomin'
八王子P,44Kr59FH6aOx1EUz4nq12u,Marine Dreamin'
八王子P,2nvR3T8wXynnDS7N6d81qv,気まぐれメルシィ
八王子P,0JGU0MojmFgsswHKWIxhO7,To the Kingdom
八王子P,11BKyKW6Q25nul6y7EeMuP,Green Light - Ryu* remix
八王子P,1uL4yvsrbfpa6tCr97cQvz,Little Dreamer - Future Happy Remix
八王子P,7I2OpU6JCY3K73KYW8pWMC,コズミックメロンソーダマジックラブ
八王子P,2bVJ6wgBzEWmeFIRXslE2n,Killer Lady
八王子P,45G8e1XJosZG2dQsbRNiOh,KiLLER LADY
八王子P,0YdRLMigOirpQBzj6VFyQG,エスケープ
八王子P,2zqO0Z0Pu4M0NaCEkDGBTD,天ノ弱 feat.GUMI
八王子P,2P8HxufC1uIUVFYGkyRkSm,Amanojaku
家の裏でマンボウが死んでるP,5lrzpBXr8wIMeOsNc5KUN3,ヘルニアの神様!あいつを狙って!
家の裏でマンボウが死んでるP,4eVtyGSg0yidMAhABovuU3,盗み出せ!アンティークのチキン
家の裏でマンボウが死んでるP,4y7G4ge6Lui8VnObCjxe2e,鬼の尊厳復権組織りはびり featuring 綾 (CV:柿原徹也) & 唯 (CV:山下大輝)
家の裏でマンボウが死んでるP,1Yk7zeuONENb58LAdiexUb,オーロラは毛穴が開いてるだけじゃなかった
家の裏でマンボウが死んでるP,5KxAfm5p8YghJOWg218o2z,家の裏でマンボウが死んでる
家の裏でマンボウが死んでるP,1S25KolZjJKm5W5kDFNChr,ドラゴンが定期落とす
家の裏でマンボウが死んでるP,1WrhBsY7f9dNTb2kx0Qukw,聖夜、愛犬がビデオデッキに詰まる
家の裏でマンボウが死んでるP,0sSuk4GZGmRCnUQE7MVXJc,ジョギング中の人に絡みつくタイプのラグビー 舞子Ver.
家の裏でマンボウが死んでるP,29zQGQa6FDWjvXg9PRibcZ,誕生日、ペペロンチーノにやさしくされる
家の裏でマンボウが死んでるP,6KxWDJgpTQMKF4Koyc5JOs,おニューのかさぶた、ペットに食われろ
ひとしずくP,4HzYTgDjiox7jqUDbyqyKI,Yuudachi No Ribbon
ひとしずくP,577zaoVejGXsjiieowCvWQ,Bokura No Saishuu Teiri
ひとしずくP,3GITLiQKpHt2p1TKLMuxiz,Tenshou Gakuen Kashou Contest Kaienmae (Drama Part)
ひとしずくP,1fmXLFg2iSPnJ3Y164VWVm,Invisible
ひとしずくP,2er4Xsi8iZndpaQfFv5uwT,Sekishinsei: Kamatoto Araryouji
ひとしずくP,017iave15rDwm6kt97wyEN,カオスインマイヘッド
Crusher-P,3Zrl8GXCVvOfrIZFDncRk9,Again
Crusher-P,5veFnhy3eftwehn70vrZIs,Propaganda!
Crusher-P,5atspnTs9WamQIWA6NH7SD,Sleepless Nights
Crusher-P,3TLbXJ0a0k4zjFTM0CAC6X,いつまでも
Crusher-P,2pDPOMX0kWA7kcPBcDCQBu,Echo
Crusher-P,5LC4eaFLuNXjJ47hR6sxCD,Out of Sight Out of Mind
Crusher-P,7fqZNBdQcHqqhQkPYjbKBt,ECHO (Stormzex Remix) (feat. Vocaloid Gumi)
Crusher-P,0jmVndoIt2h6d8ajH4thLv,Would You Rather
Crusher-P,4CzBTrBlUR2YO4XrXP2nNr,ECHO (feat. Gumi) [dj-Jo Remix]
Crusher-P,0eY1nWCNy3PaA2XhjhTBQF,RE:Again
Crusher-P,06unSS36vlApTBC5P91AxG,Echo (feat. Crusher-P)
Crusher-P,55cMfozUw5QshbrwPgBHnM,1000 Doors (Spooky's Jumpscare Mansion Song) [feat. BSlick & Crusher-P]
Crusher-P,1w6V4XuE8E5I0mwWbXE3ft,1000 Doors (Spooky's Jumpscare Mansion Song) [feat. Bobby Yarsulik & Crusher-P]
Crusher-P,5ZXvCHbKFP2uIoCyXF30xI,I Can't Fix You (feat. Crusher-P)
Crusher-P,3zAqapGmeTcDB4xES8LBUL,I Can't Fix You
Crusher-P,4H5t5wdT0TGIW9Rd8sLgdb,Connecting
wowaka,0qW7otQTw6qSCVm6jCbnJj,Aria
wowaka,5Ue5PQipRndRmYrTNQyk4p,初音ミクの消失(Moonbug remix)
wowaka,1260gHINaEWEzDHsXNtd7D,Project Diva desu. -MIKUNOPOLIS in LOS ANGELES Live-
wowaka,4Ra3HWkrwsa49YAI21y3wC,ARiA
ツミキ,0R9RKP35Wn3G6HucEopbil,トウキョウダイバアフェイクショウ
Kemu,3t547LGoHzEj1nrZxGBQ3I,Tripping
Kemu,3eGoU7axuRs95XEg2bHgLJ,イカサマライフゲイム
Kemu,3HT4RiCFnzyv04l24HeBlA,人生リセットボタン
Kemu,33SuVhLebnwGQmmoOEmIGJ,Rokuchounen To Ichiya Monogatari
Kemu,1c7mMtVGahwvxfkD9Hnprh,Meet Your Only World
Kemu,0iC0K1CyGivvOjd18ROAPz,Tokyo Pleasure Ground -Prologue-
Kemu,5Yl7eeSyfRN4lzSSZ9LQKx,Yuurei Yashiki No Kubitsuri Shoujo
Kemu,2aBu8taTHTXP51FZ8g4MnA,Jinsei Reset Button
てにをは,3abKXim7hHzk6MmSJQ5oP5,Neonbow Walker
てにをは,5XV5fq1oIM7OLDzG7sQc9i,展翅天使
てにをは,6kv0QHMoSzJO7z0UId9dfp,妖怪少年探偵團のテーマ
てにをは,3VfVs2ZHhpXzBSMkLLzdxi,探偵ロック
てにをは,4sKtVLsTmb0cVunZNpGmGd,キュリオ シティ (feat. 初音ミク&鏡音レン&鏡音リン)
てにをは,2wywYTwBYiB8C6H8x3zg4C,クーロンズ・ホテル
てにをは,6OcfNne5vPOrkthIvwPe9a,一角獣
てにをは,6NT9rwcaLbBCJgNC3KszWR,UNICORN
てにをは,5CSVNJBsEPH3cM7S2iQgax,ヴィラン
てにをは,5KE5i73iG4A7h8OyqyIaZK,villain
てにをは,6Vw3jV5ki6MxoK7Edo89tP,ブラッドベリ
てにをは,4EKbBwy2dJzEXN17Xs3yQV,Bradbury
てにをは,1jOUccAHpzNNvKBFUbLQ9U,Check And Chase
てにをは,3NaZokOh98b1XBTMPnN7oz,Shiwa
すりぃ,62oamPISqdSMV5VCJMmfRP,ドロップアウト人生学
すりぃ,4Mh7K0wruU1tpfah4lqp7O,カメレオン - すりぃ ver.
すりぃ,68CYG0ICN5XAiohex6mYX2,カメレオン
すりぃ,2FRMwFXODegegRrfLAeVwx,エゴロック - long ver.
すりぃ,69Uy9IRF9xUhjCninBo4x3,ヘビリンゴ
すりぃ,2wqWasdvC77Xuw15SMDbVG,あんずの花
すりぃ,7yYm9Tuok4Evvu53z2JHyh,空中分解
すりぃ,2WiVNFXvDrlgsQpu8GMo4m,リ・ユーク - Short Ver
すりぃ,2c3FAQCjqnBUnBxDO98vyD,朝日
バルーン,1fspbOj0aYfUlrpjGZEffZ,Rain and Petra
バルーン,5V9Y0tatVvqGeZdyohOBPk,雨とペトラ
バルーン,3FUyktvvQZouQvQsfmfYVg,Topiary
バルーン,7HwQUjoRcNBradlc2wC9in,トピアリー
バルーン,79s4dbBgurZXKI6Syqe42m,アルコーブ
バルーン,4Jkhcxp3pdeonmjG1NuyTq,alcove
バルーン,0kdCJN0s1FB37IJoHWaZEk,パメラ
バルーン,33U4RZZ4R6zZQt0fobgjZ4,溺れた雨傘
バルーン,6JtPjgEZthIYVIXzYzp3kD,Drowned umbrella
バルーン,1QLNKHsSRtDBmrlWMP9FZx,造形街
バルーン,4z8J5R2CzUoKMW7s9RVPm1,Zoukeigai
バルーン,3DDxISAC1G4l6AcCQoeElL,All These Sticks
バルーン,1RXaczdym49YvQ7UfHhl78,Random
バルーン,2tFnXovBx3B7lvr6GwCPhV,Hit Again (Intro)
バルーン,5BQQHORcuso9cecOWZu2cS,taikou train arranged balloon
syudou,5gBPVhQb8uwQ1yTnbBuXrV,アカシア
syudou,63xKrJ3AfaVEG6ST88z6t3,Acacia
syudou,3gOSyvWCpk3hdG3cE8jqMn,アイソトープ
syudou,15tGTY8mPsflrRCImn7mth,取扱注意
syudou,6ChUthlLgyYERevKJoqmw9,Toriatsukaichui
syudou,5cs2R2mSrXhSI7gjhVutcV,カレシのジュード
syudou,5zo5bNQ8wC7TCOzJFxLIL4,Kareshi No Jude
syudou,3T7rdXRAk3b2WUlevahSw1,キュートなカノジョ
syudou,2WyuVRaERAVY8FPVFHajTx,Cute Na Kanojo
syudou,13So3NLN0wAesr39YSZQef,ギャンブル
syudou,6uJYlImgJZHoxrkbIn0S2m,Gambling
syudou,1YIQqV0X14caopQwj5zGoq,爆笑
syudou,7AW517jaKB0xsOnwdBpwhI,Bakushou
syudou,16yEJwDlq06YneZeaKY1n5,へべれけジャンキー
syudou,2mXeS1x0TGoVwUpryXbNWC,Hebereke Junkie
syudou,1RsAMnJzLfSiULiCku8vXE,コールボーイ
syudou,6uP7QLdr0YHGy7un8RHQuA,Call Boy
Kanaira,7BU5WMDf3OL69FrkRBdTya,ヒトリユラリ
Kanaira,1CQ2OTb1x5M3UyCwbGHnXD,EYE
Kanaira,7vgV4fH2MbMH9rrcfkCOIz,MIRA
Kanaira,7rPKtXBW35rSQH1i6QAvyk,ENVY BABY
Kanaira,02vOyaNCKGX8uhjggOIH83,エンヴィーベイビー
Kanaira,2TAA9e8dXBST241xlKBKYO,ヒトリユラリ - MARETU REMIX
Kanaira,5lojBXokpBOfuTDly9Bksx,KING
Kanaira,5FRNHJQp1NkCX9PwCkGqd9,百鬼祭
ピノキオピー,5jIVIIZhffcaezvrNIFocX,ラヴィット
ピノキオピー,72hdS3iPYFo00AjgzThXU2,Loveit
ピノキオピー,4cAqmtzdIXnuh8ytxrZZik,愛されなくても君がいる
ピノキオピー,03TzER3qI6rcOjWQb6FMTt,Because You're Here
ピノキオピー,6ew2fyKNLCyl6fvigOYqIT,五臓六腑 -Opening- Live from 五臓六腑 Tour 2019 at Tokyo
ピノキオピー,0uCgH3145GlNgPXoqRVyDQ,GOZOU-ROPPU -Opening- Live from Gozou-Roppu Tour 2019 at Tokyo
ピノキオピー,1XxTDehNakndUguLbuZuZP,Onion+
ピノキオピー,76dfZ3SSdsadtIaAWPfcUd,玉葱+
ピノキオピー,2Xp1Bp2N5ikzCr8krqro9z,ぼくらはみんな意味不明
ピノキオピー,4gHBIsnHqHyXerbTwnsObs,Nobody Makes Sense
ピノキオピー,0Q4dHIghx1WMyVFvgtxC9G,増殖する今村
ピノキオピー,1qtMZTctqKJ54dBvGws5o4,Floating Shelter
ピノキオピー,0bkpFDu8j021nkGENhnjGu,ニッポンの夜明け
ピノキオピー,3Gsfo1r1Lg4RpTXdSZI7aA,The Dawn of Japan
ピノキオピー,1S34O3CJDZR7ozIWf72dVD,東京マヌカン
ピノキオピー,28kBTYGebermEJk8AaoYEA,Tokyo Mannequin
ピノキオピー,3MhOjiSOspJg701Nbn7yst,しぼう
ピノキオピー,5YI3LorPhLd2C8m9H96n39,SHI-BOU
ピノキオピー,5uKDhqanJGRS0MxP95OUIJ,elf
ピノキオピー,6Cxzd8UyB28Grofsy17tfF,ありふれたせかいせいふく feat.初音ミク
ピノキオピー,1A0k6cjkrCxH3Hx7Awb2G2,Common World Domination
ピノキオピー,75CK9cVGOjcYv1EQIrdYWw,ぼくとわたしと少年少女
ピノキオピー,1MHZTDZWLzXUSIICvATqiU,あかんぼ
ピノキオピー,5ALRT96oaGuX7VHySBLbQu,神っぽいな
ピノキオピー,206UWNKXURTnN4zf9vmXUV,God-ish
ピノキオピー,5blgKDJ31u2C27jOcya3k9,ノンブレス・オブリージュ
ピノキオピー,5LAec0974S9ZJ4WmNbgRyv,Non-breath oblige
ピノキオピー,3LwvhfpgLdWazQYafa7Hgx,リアルにぶっとばす
ピノキオピー,47npt2SJCMb8oBhQPRJ03S,KICK-ASS *LITERALLY
ピノキオピー,5Lsdr0kU6beWlXns5yRzfT,アルティメットセンパイ
ピノキオピー,7xJpjQiwjmkUnI4RfJaKKA,Ultimate Senpai
ピノキオピー,7qSVfUEcl5kss37l82WFR5,シークレットひみつ
ピノキオピー,2MTSMQeKXM7ALhVbqhaAQV,Secret HIMITSU
ピノキオピー,5FfeACKKpcA97rdPUMSsiC,恋の恋による恋のための恋
ピノキオピー,5xI0vHcSK8LbiAWRTMiPaF,Love of Love by Love for Love
ピノキオピー,322a8OKJJEV5z5B5CeeopR,フランケンX - 煮ル果実×はるまきごはん
ピノキオピー,0HXF53eMwo6c447AMXHNyv,Franken X - NILFRUITS×HarumakiGohan
ピノキオピー,5DleLwnXjO8IewChZCkfKM,Goodbyes
ピノキオピー,5kIJ8CygeL9Pvrnnms4uAm,VILLAIN - TYPE A - Inst
ピノキオピー,0389acA9tXT1H9NsFGy2H4,Towa no Kizuna
ピノキオピー,4H60Q9asWMDDmrGAqKwk1m,その群青が愛しかったようだった
ピノキオピー,6bsyhnJVzufAXHdPNd8nEc,Sonogunjyogaitoshikattayoudatta
ピノキオピー,4HzYTgDjiox7jqUDbyqyKI,Yuudachi No Ribbon
ピノキオピー,349yaDtmQJqtVRxeDuU4nj,Noushou Sakuretsu Girl
ピノキオピー,4MIZk82F1SbtbazraqGU3P,Risky Game
ピノキオピー,4qkGMo6bzCrva5p57zPVqB,Go! Shichi! Go!
ピノキオピー,2UKfp1D6OSw0VqPlrc03Uc,Inori
ピノキオピー,1NVeZUA3VG5DA7mCytSMI6,カゲロウデイズ -初音ミク「マジカルミライ 2014」Live-
ピノキオピー,2tLW8Mh0fLfLxkxA6X4OBP,Waltz of Knives
ピノキオピー,2er4Xsi8iZndpaQfFv5uwT,Sekishinsei: Kamatoto Araryouji
ピノキオピー,0iC0K1CyGivvOjd18ROAPz,Tokyo Pleasure Ground -Prologue-
ピノキオピー,5Yl7eeSyfRN4lzSSZ9LQKx,Yuurei Yashiki No Kubitsuri Shoujo
ピノキオピー,6zRy76eGbHVHoNoN4OI0eF,Shuukan Shounen Bye Bye
ピノキオピー,1w4FobAfT4OCt75K2oqPAM,ヴィデオ ボーイ
ピノキオピー,1PwbT9iIsAjHlY2eaGi8OM,永久のキズナ - feat. Another Infinity
ピノキオピー,5rgUZ20J7agHqfG8f0sIYH,リスキーゲーム (feat. nero)
ピノキオピー,2oXhDMrYlA1qAXulJvBZbB,inori
DECO*27,7fgqQbv9E5Ho3dn5nwLTIv,ネオネオン
DECO*27,7rWkiqvAKhQEmlGDCOSGUK,Reunion
DECO*27,25iCOwt6ix0AJfKZbyo5ZG,1+1=1
DECO*27,0IEl6PAxLIueFQp08vq07B,ゴーストルール
DECO*27,1OAp6qN5KmoGUQ2edICKsC,Ghost Rule
DECO*27,3NgUFrDBCFaALlH0wRVWV9,ストリーミングハート
DECO*27,28DyuhrsEP2mBlAVSTJPBg,Streaming Heart
DECO*27,0ntGI5BvQz33jEwqmd2DjG,Ai Kotoba Hatsune Remastered Version
DECO*27,0lH5qyuRNxlMoIyz3Hqhnr,愛言葉 Remastered Version
DECO*27,7p3D0PT2z6B1pBSmTAOOP9,エゴママ
DECO*27,1XHVdU3JiXsRgXpFAcxY7Y,Egomama
DECO*27,6BsSzYOza6t64Xhkp60r9x,entee
DECO*27,2UYiIcOWcGhAnJ6iTZmvzN,相愛性理論
DECO*27,1hxtrGB3gGu5e8nbZXmsxy,Sou Ai Sei Ri Ron
DECO*27,40Eef1JCHRiD2tZF41UO3K,リズム
DECO*27,5fRV7LbEAWHhQip59ay9XS,Rhythm
DECO*27,6RZ6vRkRLb67cRZwmpASK7,モザイクロール - Reloaded
DECO*27,7eIsjFkqGBVoj351Mhw1n5,Mozaik Role - Reloaded
DECO*27,6LjModNOXH1xFIJZiwOOW1,シンデレラ
DECO*27,2VQTv451NVoiw9wQUNN3vz,Cinderella
DECO*27,4w6pRjxADgVVK3Rzteic9X,おじゃま虫Ⅱ
DECO*27,3a21EhOZocM4hPmJU0Kf1q,StickybugⅡ
DECO*27,1Iq6qHJ935T6fzoxE6VPBF,UNDERCOVER
DECO*27,4UJumCACD12BFuYsvHkeW6,needLe
DECO*27,4kjsQH60Pdq8cjfIkBwMfj,セカイ
DECO*27,1rbgRVagbu7inMFUxOM1Bl,SEKAI
DECO*27,5W1cgZrH79rbALPgEE5x2Y,ヴァンパイア - TeddyLoid Remix
DECO*27,5JTpBM6ogvVYqmYx8cQKbG,The Vampire - TeddyLoid Remix
DECO*27,0m9QPTZzjtqCWY9Jg8poHc,ヴァンパイア
DECO*27,5Atjzvg5qZcWZhXwZkHqPO,The Vampire
DECO*27,4ePVGemybJHVITcbVANgJv,ハートインパルス
DECO*27,5D5uOm09slnAdj7SCmMytl,Heart Impulse
DECO*27,4Aizpr6xKAmqoC1NCaHX2V,アンデッドアリス
DECO*27,10zwyEggdeJMmLng7BtxAk,ポジティブ・パレード
DECO*27,37ADgU61LA67XwgBFBo4Hp,ネガティブ進化論
DECO*27,3wmmuJJ1G9Ykkhp3NAqk8u,39
DECO*27,6yNgzFcbViiwTCPCrJsgME,ちょべりGood Time
DECO*27,46D8EBlEB7m4BcvWPjIoJl,ゆめゆめ
DECO*27,05ReuhxWC85vxG530BGty7,Yumeyume
DECO*27,6uuMff1XvwRwWt77eUEQlA,ライトラグ
DECO*27,6SZFGXZ0SOWIMXsBfNH3WP,Light Lag
DECO*27,7oABl034j8CKuxx9pzV4Hx,Intro
DECO*27,4UW9iPyzZGslnxRMXXdcgB,モザイクロール
DECO*27,6UslA9s7ZVOgkSgddK5at2,Amekigoe Zankyou
DECO*27,73nJrpJOjbMVXmtJa0aIwU,Invitation
DECO*27,1OTTvAqG95Y1LRZnbpwHMX,無限∞ブランノワール
DECO*27,0DfXt1CmROqHaWURUtPqkz,Critical Line
DECO*27,0n0IREhD9DoA4N0paq9zfi,Mosaic Roll
DECO*27,4NmqOww0EXpxRR5xoOvGla,CRITICAL LINE
DECO*27,1260gHINaEWEzDHsXNtd7D,Project Diva desu. -MIKUNOPOLIS in LOS ANGELES Live-
鬱P,1pTsprvpz5ZIxoVQrqY87i,RENAISSANCE
鬱P,61h5b9EVrcZWg1Fnc1DC88,骸Attack!!
鬱P,0kKrt9JdBFTgcDxPQwxxXm,ガラパゴスで悪いか
鬱P,3l9Zlzy4fWOwgCAMWi1OPi,Constipation Of Death
鬱P,3iP1HTfzulJPuhEasnV6md,終のファンタジー
鬱P,5qxMb5szdiLESRHx0ozryP,MOKSHA (emancipation)
鬱P,206AyPQnDvQGBRHdnVXkue,ぽいずん☆あっぷる
鬱P,6z8HYX9as3LhByjjMi91IR,OGRE (feat. 初音ミク)
鬱P,1v309UvoRN8YJL5v6JIKA3,ぬる (feat. 初音ミク)
鬱P,2GXSCSG33aw1acvT5BA0YW,デスロウ (feat. 初音ミク)
鬱P,2PLxK9KtfEbf54gu0NcWW2,映えない (feat. 初音ミク)
鬱P,4qNQqrrclel1VJw48LVyIq,ダブルラリアット [Double Bass Drum Remix 2021]
鬱P,5FDpyZ8q24ct5pSjMC7W3m,CR独特な世界観
鬱P,24fs0IRpQ1galRnNklDal9,ダイベン
鬱P,1Jbr23IEgiaaonSL96FYqG,ドール
鬱P,2kwV5cGgDgfaS7zUXu4d0X,クロクロクロ (feat. 初音ミク)
鬱P,6pF6UZZxthtwhzj5B5hZFw,Sweetie×2
鬱P,27A02gfuMkOPK96DEj2da4,Bunretsu Hakai
鬱P,6q9jcHjqxTy2ME7JIk7Kex,Marionette Syndrome
鬱P,3fnpxnqOdFdTLCmrcVJNav,Lent
鬱P,2tMbq87SRDbKtbn4QN1BnX,Matryoshka
鬱P,2w93x8jn2LrqObvLt2GT0P,分裂→破壊
ひとしずく×やま△,7yDnRKqAHr8Qq8KOuDI3CI,からくり卍ばーすと
ひとしずく×やま△,53Z89I9h1Vh6mSA31cyxoE,Intermezzo
ひとしずく×やま△,0rN7gIbtz54jfstqf05NpT,Villains
ひとしずく×やま△,5o7azetE7zoTVtYvgq0EHz,Heroes
ひとしずく×やま△,5kQLjucNW1SCjk5bXIFZrq,VersuS
ひとしずく×やま△,5JH4qPc1oqUYIiLS92AxUo,愛欲のプリズナー
ひとしずく×やま△,4Zk1U4dvGfOdjnp4N8VSG8,海賊Fの肖像
ひとしずく×やま△,3xowDYJoDEKoPs3Rp2qwvh,蝶々円舞曲(Instrumental)
ひとしずく×やま△,5QTOKbubQqHJJXCYPnQHjL,優等生シンドローム
ひとしずく×やま△,2wJwwdKDSaMqhltJgaI0gu,Prologue
ひとしずく×やま△,0AauI5YWNSGV4cG6fo77Ky,イカサマ⇔カジノ
ひとしずく×やま△,6PlGmFoYblLrQVizhTY9T9,DreamenD
ひとしずく×やま△,4AkAAbZIiu0k2RDNMCKd0l,雨乞い唄
ひとしずく×やま△,2PLjCZqcSXAHEc4kvWz8NB,Welcome to the Mirror Sound's Kingdom
ひとしずく×やま△,7Lz2xAD6xqvvQdNmlocHpM,天翔学園歌唱コンテスト・開演前(ドラマパート)
おてつ！,4pkU3iTOmtJTdfA3YxkdLI,Sight (feat. 巡音ルカ)
おてつ！,4QVDof5LZRRAG0XuQyHvVu,甘苦い中毒 (feat. メグッポイド)
おてつ！,7lr4XLXNmeUi3F0ZmpGAUK,蔓延る毒 (feat. 巡音ルカ)
おてつ！,3cEpgZJjNqepQE5PZGYB06,Stomach (feat. 巡音ルカ)
おてつ！,1Y0Y40eamKcanZl3OraedL,罪喰らい (feat. 巡音ルカ)
おてつ！,00RKLT5kI6olaNt6YdR1SI,memento (feat. 巡音ルカ)
おてつ！,1GZDGG94lumHyq8WAEKRj3,産声 (feat. 巡音ルカ)
おてつ！,1FiyatcIIbegwgaDtpjEM8,ナイトアンドデイ (feat. 巡音ルカ)
おてつ！,6psTfRlGhKp7N5zklseBkY,種 (feat. 巡音ルカ)
おてつ！,6NsPd2s1TQXryUadIfIbci,core (feat. 巡音ルカ)
おてつ！,2kw4I5KsBq0Go2TnWC0IVu,hole (feat. 巡音ルカ)
おてつ！,4dj5oVmnXIewEIO3dgiA9n,才溢れ、欠落者 (feat. 巡音ルカ)
おてつ！,3PaVt4uePedYLCpz5cAFJS,カーニバル (feat. メグッポイド)
おてつ！,1RpFFgtxsHdjAjojvk2Ds7,Implosion (feat. メグッポイド)
おてつ！,1FcgAZ0BzDW3zOJJxehKHQ,飴と鎖 (feat. 巡音ルカ)
おてつ！,3FrDmfLHSLzes2UFhjcJvb,shell (feat. 巡音ルカ)
おてつ！,27JamYGrJAyvCfKYnFQuba,星屑ユートピア (feat. 巡音ルカ)
おてつ！,54pFXXSzorYR1IqepcfmPx,Existence (feat. 初音ミク)
おてつ！,6xLAjpzeZJihXF7MMoKfpb,幻想と羅針盤 (feat. 巡音ルカ)
おてつ！,70noGcmRZuCCNXYiJzc9WQ,ご覧、蒔いた種が花を咲かせた。期待通りの汚い花。 (feat. メグッポイド)
おてつ！,3kiiJ6jRIxpW8pBH8E4K6A,かげ (feat. メグッポイド)
おてつ！,6bEq04fqcgaJJoRuxWpHQf,Bottom out (feat. 巡音ルカ)
おてつ！,0GSuuk6Wb74ZvEpM7UoDYG,棚引く厭世爍かす程 (feat. 巡音ルカ)
おてつ！,4wwmyfC6ITvDbuUQfANx4S,空を泳いだ (feat. 巡音ルカ)
おてつ！,3Hn1EuDgc2IJxAR1n6KrCm,mud (feat. 巡音ルカ)
おてつ！,3kMfxOKntJ6BGg2lPXFsn4,ゆりかご (feat. 巡音ルカ)
おてつ！,6FGELG5OOGX7TUl6ZDPNiR,Feb.14 (feat. 巡音ルカ)
おてつ！,49IXzWAyXRSTMg3EggRLgO,生温く真紅い歪な果実、蜜を啜るのは飽きたから腐る前に残さず食べましょう。仮に愛せなくても。 (feat. 巡音ルカ)
おてつ！,1y67Ahr7Jp8NIv2SNiEkkB,Child's Garden (feat. 巡音ルカ)
おてつ！,4VleaQYzRH1fwqczFrFtG6,No answer (feat. 初音ミク)
おてつ！,12x2miBE1WeBT1JtzuKG0T,R‐18
おてつ！,4CGpLWSGIVNMvDWnSGZH5A,曇天ノ陰ニ
おてつ！,7n1ApffKThmV3QMpxR7sI7,牢獄のアドニス
おてつ！,7FmWJPzkixBeEeAOMtz5D8,Password
おてつ！,5ofrl0WwTBXNwjFm3wFyVD,無気力クーデター
おてつ！,1LouBSfx0X2T9rG9nqIBNM,Mukiryoku Coup D'Etat
おてつ！,4EeBRzYA18HH542KSbu42m,Yukueshirezu
おてつ！,3WuLSTNZekTPOvT8cLumYl,夢幻
おてつ！,2y2d0ZsNRJyBXJyZgcFSrR,Nekomimi Archive
おてつ！,7JNAeIepXdnX9Mn9iXm1Rb,会いたい feat.GUMI
おてつ！,1zrdnNAhHgiSJhEZwtMkoZ,Aitai
おてつ！,1BQSaUe9UWVFCtBytt9Gqb,Panda Hero
おてつ！,133G16q0PlTU7Rtz4vX3iD,Shiryoku Kensa
おてつ！,4krxXeyVrCztH4jvQpSn6I,秘密
みきとP,5hb5WjhSbmcxS3kn9NhLmy,DAISAN GENERATION - instrumental
みきとP,53egsiDBuYbbLBsUp0N3TD,きゅりあす
みきとP,1ucFdA1sd721g0AQVaOWOk,Curious
みきとP,5RGN9g2fmRHZ1wKXDncsFc,Matoi
みきとP,7CYbgdYJSF6iW8RroB2iEL,まとい
みきとP,11nVjpdqH7MNGvHggfVgAj,僕は初音ミクとキスをした feat.初音ミク
みきとP,6rYPewChz5RxuR3CMb4Nch,Boku wa Hatsune Miku to Kiss wo Shita
みきとP,2DgJBxTNKHANaZHclYAOn8,Right Here
みきとP,5atWugCk7zJrLPBJK9HMO4,だいよげん
みきとP,1cxCWc560U5dpwwQgbayUw,Daiyogen
みきとP,3a7UHFFlRYbaNMhsKtjNOq,I meets You!!
みきとP,0biIYYmzDOQwnEoxP3HXRI,Sister
みきとP,5CmqZDTS14IBg75gLoJDrm,Green Shower
みきとP,5gg5YQXGfinMeRbLy8IPob,少女ふぜゐ -Vocaloid Ver.
みきとP,1n0LA1QAHpacUjex16F9qC,ShojoFuzei -Vocaloid Ver.
みきとP,11NoD6DdxrVB8LGUSIzadp,39みゅーじっく!
みきとP,7DZrnvfd78FMJgPYa8FSEy,39 Music!
みきとP,2rCiNdJ6gCrvh9t4xOdn69,Hoi
みきとP,1fwLlfE6z5cHDuecNVLwJN,Home Party
みきとP,5eMVIl45efHHWVBqWXGvKf,いるか Starlight
みきとP,1v85DEPThAYrnadB5rvxKf,さよならはきえない
みきとP,0KJkUdaMukR3KX7z6zXFiP,ガールズインターハイ
みきとP,68fJ0xVk0YZ3YoJ0W3dfhE,あのこサーティースリー
みきとP,4pWEB2yPT5TXakZuaVNl0C,Ano-Ko Thirty-Three
みきとP,4X0QJAUUAFm6FmbUPBnA5M,いーあるふぁんくらぶ
みきとP,1BGm7gk2RIPQK39aCSt25z,I-aru Fan Club
みきとP,6YVUUZJSL5oM4IaMn2bbS7,セツナトリップ
みきとP,7i43CCAo4XpPLpWIjNmvU9,PaⅢ.SENSATION
みきとP,1TSrrItT7f5UHSgmTvG1DM,ドリドリ
みきとP,62ShitQxzIYosdFdj0qDWI,mrcl -Instrumental-
みきとP,0W0k3DEaPeoIs6VUFnkBcd,Cradle
みきとP,670LjVtP9VnoSJNg7RkbIS,"千本桜-かめりあ's ""KAIKASENGEN"" Remix-"
みきとP,0HUYFkOqWTCDryHdrlavQR,Yoshiwara Lament
みきとP,5gXMnHXLo34tSzPIexjdwS,吉原ラメント
みきとP,33SuVhLebnwGQmmoOEmIGJ,Rokuchounen To Ichiya Monogatari
みきとP,5PsNhzz0tDs8uH5tv31Bar,E? Aa Sou.
みきとP,3qnpt7Uj8hdpYgcwxjNJy3,Tsukiyo -Tsukiakari-
みきとP,040yRWelfTq7QvjoBQOGP0,Rimokon
みきとP,5yBlmg23Yo6F7CS5eoI2FC,Start
みきとP,6UpBfIyf1PUBEjDpOTVrqR,Setsuna Trip
みきとP,0bJfa9sMbkzGv56DCF3OnA,Amanojaku
みきとP,3GITLiQKpHt2p1TKLMuxiz,Tenshou Gakuen Kashou Contest Kaienmae (Drama Part)
みきとP,5gA9ahUy7333wJAKRq91nd,Echo
みきとP,1wtKWV06P1nfsff9I0SkUj,Kazemachi Hello World
みきとP,19yuvEzgijFGPUche7htzH,アスノヨゾラ哨戒班
みきとP,4kufrZ5kqK04ahLG1PnCEF,放課後ストライド (feat. 山本希望)
みきとP,5up9K8Mwd9xOe0F87hsFN4,威風堂々 (feat. 竜之介)
みきとP,1lqQETXQHQEsFP1R4wffX0,風待ちハローワールド
みきとP,6VRz7t4E9ltmJQrgLH9CzZ,Rebirth feat.GUMI
みきとP,4H6RTq25xBatH6Q308PuTK,MEET YOUR ONLY WORLD feat.みちゃおん
みきとP,27s1BfNshA9RfGmMUDxCb4,アルビノ
みきとP,7jaQvGUDUaBKbfPb6Vdmu0,夜光列車
みきとP,7HCoRI7N1jUVyjI0Fosb9D,GOING 2 DANCE
みきとP,1fmXLFg2iSPnJ3Y164VWVm,Invisible
みきとP,1c7mMtVGahwvxfkD9Hnprh,Meet Your Only World
みきとP,5AfsS0zErCwGhzjoleuNy2,Lost One No Goukoku
みきとP,2NKOei0WaSTHaAIMkALMR3,Senbonzakura
みきとP,2N8MGGasDx16wYbUA78B93,Rebirth
みきとP,2EdnELPd7xWRx8t5PHn8e4,スレイプニル -sleipnir-
みきとP,4YyZ1wiAg3nw4tkXFckbfU,心臓デモクラシー
みきとP,32lUSf9qjdX9mc9oSNePtm,Sleipnir
みきとP,0ibSLidctqstQfsnQ20I4V,Glow
40mP,61puKQoNVRblpL4OSAugwj,ハイスペックニート
40mP,0VSh9LC4dhQtZBrm5173BA,High Spec Neet
40mP,2j6sZ4lgjmvlv61KPD2ZiA,プロローグ
40mP,2y3nswubKE8mqR7QLLzc9V,Going My Way!
40mP,6GDNXQUiJ6sXcQeuI6m5zf,Life size
40mP,0RZzT4KaEfeNVS9GZzNDou,Horn
40mP,1Mx6Rc6lqcvKxHbLWTF332,ツノ
40mP,2pr7ldCnLyzQzjud6ynLyD,SHAKER
40mP,3g3xdcNJTv8UPbcKWIl8c1,だんだん早くなる
40mP,1lzkEvcvfXiykqGJjgfY34,Dan dan hayaku naru
40mP,0QsJu7vxrxu653sU20ePIw,Snow Fairy Story (オーケストラ ver.)
40mP,2AHyjL9b3uQG6OfngKC1d6,キミボシ
40mP,5IcH5fmyfb0iXahLLJfiPs,キリトリセン (feat.GUMI)
40mP,0fIrJSSeKhu9JJju5hJ8N1,シリョクケンサ (feat.GUMI)
40mP,1DWhekPbkZUzh42WkLSCWb,夢地図 (feat.GUMI)
40mP,6fSitQcpmOBXLkJeftx2l7,空は二度燃える
40mP,71KqeJFzFspgENeJINQ8g2,Soraha Nidomoeru
40mP,5uocYhfaXKVOIKXa2w4040,Fire Flower
40mP,0qW7otQTw6qSCVm6jCbnJj,Aria
40mP,60aLn0y6OmlMMartG9einY,Aa Subarashiki Nyansei
40mP,1UFDMXNDXgWP9nakVJ9r1M,Soar -Overdrive-
40mP,4koGCRbL1cgDtuaAWTt20C,S-P-B Ryu Special Non Stop Mega-Mix
40mP,4FBTYid7owP2ugBFQ5DEwM,Sky
40mP,4TU2q0sb0Nm3wx5pVxDken,Just Be Friends - Piano Ver.
40mP,0jFH4l9e8cQmn2UB8xSADN,Delta
40mP,24nyFi877RLcGpXbRYU0Dw,Berry
40mP,4H5t5wdT0TGIW9Rd8sLgdb,Connecting
40mP,2mbwdN6MItaax2XnqWb5lF,千本桜 -MIKU EXPO 2014 in INDONESIA Live-
40mP,4pHJxE8ZJeE01yzBm47Xux,夢地図
40mP,4sDwn6Lw51fLZM3opZTXLI,Dream map(Yume Chizu)
40mP,317mVkx7AyGaTdCzMk5Akm,キャラメル
40mP,6bpqF4aPdTiBdQG3FJcdRE,Caramel
40mP,1h8wPYHIuhrO1q52ph7VXb,地球最後の告白を feat.GUMI
40mP,4uecFMPq5p3XPrwT6PfEme,Glitter (Starving Trancer Remix) feat.Another Infinity
40mP,16yZ7tSmI1ZX5cnu4ryJfV,白い雪のプリンセスは
40mP,0afSduWztLk9ko6grenzWE,Chikyuu Saigo No Kokuhaku Wo
40mP,02K36eI7cdfi6HgfMEwBIS,Promenade
40mP,4PSE5EUEKTraroHIwX3dO4,さんぽみち
40mP,2Eu4XyJqftsDHoHfPwlu2W,シリョクケンサ
40mP,2zqO0Z0Pu4M0NaCEkDGBTD,天ノ弱 feat.GUMI
40mP,4hXZHe4WGyQPJ6QrwSvqeh,Delta feat. Mayumi Morinaga
40mP,5sDF8Hwx1V64El0vGRhPZL,S・K・Y (feat. こまん)
40mP,7rIMfHJwYPt4oYyy6N9psF,Eager Believer
40mP,5IypRmQXRPC8sZWMYwUnR6,イーガービリーバー
40mP,3v6Vs86gmxquxrflWIqnnN,Karagenki Utatta
40mP,2ZKkVUslIxyfEIO4yGWQSc,S-P-B Ryu☆ SPECIAL NON STOP MEGA-MIX
40mP,4Ra3HWkrwsa49YAI21y3wC,ARiA
ナユタン星人,15ksdxC9Gaexd6GsEHtWgc,猫猫的宇宙論
ナユタン星人,351ZqQzCtOzN9Exn2Lo8ZU,Cosmology of NyanNyan
ナユタン星人,1rrEiOzH6M9qlY0EmYWHac,ユーフォーユーフォー
ナユタン星人,6WyTQ76nKwpab4czrlJrTC,エイリアンエイリアン
ナユタン星人,2KMzLn44EAFssUbHpctsCF,Alien Alien
ナユタン星人,2zzC835utqJmVFFZsbWd0u,アンドロメダアンドロメダ
ナユタン星人,5nuGtvthyXbwrBloU0pEGN,Andromeda Andromeda
ナユタン星人,2ByITjPkK6tOYsJTqzFKre,ひみつのユーフォー
ナユタン星人,4novzGs1VNPqxeIlwFabJE,Secret UFO
ナユタン星人,1cg1yUmSw8hV4JnZFB8I9d,銀河電燈
ナユタン星人,1rSbVZmlJXXuas7NXrKUsF,Galaxy Lightway
ナユタン星人,3GJ7Js5uZlrYvtZp3FCVtt,いにしえロマンティック
ナユタン星人,3WRRPcBar0bC9btz1Znd9x,Ancient Romantic
ナユタン星人,5xZhG2mazqD1QrO2S8W4tk,学園スペーシー
ナユタン星人,1oUHcOHat6eYlBwdcobt0l,School Spacey
ナユタン星人,49JwOBHS75ExzeNbm26jRQ,halo
ナユタン星人,7mzT4nSOs335TWzIVrRarX,水色侵略
ナユタン星人,4ia2DWjHfu7qBLgVm0g5aq,Light Blue Invasion
ナユタン星人,4HY1rnSE1Teg4hpon69NK6,大宇宙ランデブー
ナユタン星人,739pXFk4H0j6rlup2l2wwh,Great Cosmic Rendezvous
ナユタン星人,1zSbHQZvDSzfsTcNTVpNcH,サイファイエクスタシー
ナユタン星人,6jQpqyWaUqSeL1Te35BbDl,Sci-Fi Ecstasy
ナユタン星人,6X9LJtqsPbwQFFutM1XJkb,藍と極星 - Vocaloid ver.
ナユタン星人,6y2kG8COEIEDB5uqsB1Q6c,Indigo and Polar Star - Vocaloid ver.
ナユタン星人,1n1w9DZmt8UcZPaODP7lxT,ならばおさらば
ナユタン星人,7I2OpU6JCY3K73KYW8pWMC,コズミックメロンソーダマジックラブ
Neru,2d4wuhUgICLJT7da8Bipag,CYNICISM is(instrumental)
Neru,0k6S71Qc4oKox0YVF2AWXh,世界を壊している
Neru,6m5Rk67linNHu66VBK434T,東京テディベア
Neru,04dx3YNEtVOnd1j3dEHXo9,0ptimi2er
Neru,7otQgFs9iy2pX16TZx9qUb,0verf1ow
Neru,7J0OxzjQMtH7vKpm0u94Qk,Tiempo
Neru,6ZFFbUDB3lpTIAB3o7aAl2,Black Side Vol.4 (Códigos de Rua)
Neru,1wAxEUFgbxev73Ib6FBJcw,歌の棲む家~メゾン初音~
Neru,577zaoVejGXsjiieowCvWQ,Bokura No Saishuu Teiri
Neru,3rhyADCEi8XayXoLR0Lkfv,America ~We Are All Right!~
Neru,4sGbkxTW64fRlh9WdwfFsg,Genjitsuteki Ronrishugisha
Neru,7mSu1OhDrRwa0rdv7NtiTQ,Shinzou Democracy
れるりり,3wJgfgsDlYmnRV329mbxmq,脳漿炸裂ガール
れるりり,2NQoH4WRfKHsidEtecIdYV,羞恥心に殺される
れるりり,2KmLFElbLVFqCSqhU9wZvV,厨病激発ボーイ
れるりり,5U9V9waYHhfhqPvSHRYs1O,ゼロ距離恋愛
れるりり,2H6Tet0rvynY7En4eZ8fX2,アイカ
れるりり,4RoewCOCQeKrGT9ralcF1a,Aika
れるりり,5Us8WaUDWy7yU5uI4Rsuhz,反芻シ考
れるりり,1nnbfSFl8krnxpmxp8SYuU,Rumination thinking
れるりり,5VWGyipWZ2hI29SGHXQuwi,To the Moon and Back
れるりり,3Ihw9dUCollBvcOIqyByx1,Knife
れるりり,0AxYFrPUvx26zl8NhlNpXh,いくつもの夜を越えて
れるりり,55kNljwSCgRSZG9Ul16agP,いつもより泣き虫な空
れるりり,5xslf27KuFFiidVkyxSzw2,スペシャルガール(feat.鳴花ヒメ・ミコト)
れるりり,3FflDrypgt2NKSd5y3YjZG,Magic Melody
れるりり,1k3PSGLepJzqDyuzmrdI8L,ずっとだよ
れるりり,5qAPs5sYULfaEqF9YAZunw,Fairy-taled
ユリイ・カノン,01GYgafE1zDKgQ4p7UspxF,人間らしい
ユリイ・カノン,5EogkPdqUGBKStfiqiMYWb,遊園都市ベロニカ
ユリイ・カノン,0y1zujG7p1wOPb5syApgge,対象x
ユリイ・カノン,0ClST60bxh2OrqIYxpS2wy,少女地獄
オワタP,42pmw9ZkcJOI2lb7pDCJJB,こもりうた
オワタP,3jEOqlEYD0xe0mcsfVRFPY,偽りの世界
オワタP,5Z6qWBYU5Mor6ZcKr24QmQ,弱音博覧会
オワタP,6Kwch51GIinpmfcBi28LqD,私はここに。
オワタP,66tZTqhEMobjJWz9HSAIev,トルエン
オワタP,6vWuvCWVKKvnGCKzM3hAXa,火葬曲_reject
オワタP,5jbnvUuLBgkBCOVHWo3wS0,ベンゼン
オワタP,6eEBiLGhOvRCXkSpq9OZMs,ニトロベンゼン
オワタP,5FqQdEZB90L85Zt3Pat1B2,そこに無いなら無いですね
オワタP,4AZgXAxWOGQaICYmbDSRXZ,かみサマなのな
オワタP,44Lib67StiJflQKLjSe98j,欲望解放24時
